time,open,high,low,close,volume
2024-05-29 08:00:00,8e-05,0.000188,8e-05,0.0001426,5628466868.129999
2024-05-29 12:00:00,0.0001425,0.0001678,0.0001302,0.0001532,7280702499.72
2024-05-29 16:00:00,0.000154,0.0001633,0.000126,0.00015,9100622958.12
2024-05-29 20:00:00,0.0001499,0.0001999,0.00014,0.0001422,8211844386.5
2024-05-30 00:00:00,0.0001422,0.000158,0.0001422,0.0001476,7667141932.19
2024-05-30 04:00:00,0.0001476,0.0001572,0.000143,0.0001439,4443600699.24
2024-05-30 08:00:00,0.0001441,0.0001804,0.0001304,0.0001664,7989882414.200001
2024-05-30 12:00:00,0.0001665,0.00021,0.0001554,0.0001608,8659372960.07
2024-05-30 16:00:00,0.0001608,0.0001706,0.0001525,0.0001624,6967988229.209999
2024-05-30 20:00:00,0.0001612,0.000182,0.0001561,0.0001624,8777127801.800001
2024-05-31 00:00:00,0.0001624,0.0001778,0.0001583,0.0001663,5577715851.559999
2024-05-31 04:00:00,0.0001664,0.0001785,0.0001663,0.0001747,6080608595.190001
2024-05-31 08:00:00,0.0001747,0.0002126,0.0001739,0.0002011,7993579507.24
2024-05-31 12:00:00,0.000202,0.0002026,0.0001738,0.0001842,6466862036.190001
2024-05-31 16:00:00,0.0001842,0.0001864,0.0001667,0.0001861,3757023778.0
2024-05-31 20:00:00,0.0001861,0.000188,0.000171,0.0001857,3703772522.52
2024-06-01 00:00:00,0.0001857,0.0001862,0.0001598,0.0001678,3233854834.08
2024-06-01 04:00:00,0.0001678,0.0001797,0.0001587,0.0001739,530248245.3
2024-06-01 08:00:00,0.0001739,0.000185,0.00017,0.0001745,569462086.59
2024-06-01 12:00:00,0.0001747,0.000187,0.00016,0.0001809,1568823100.5
2024-06-01 16:00:00,0.0001809,0.0001875,0.0001685,0.0001728,1120753909.99
2024-06-01 20:00:00,0.0001728,0.0001767,0.0001663,0.0001681,560866325.52
2024-06-02 00:00:00,0.0001681,0.0001723,0.000161,0.0001682,367748653.96
2024-06-02 04:00:00,0.0001682,0.0001703,0.0001554,0.0001589,677317605.01
2024-06-02 08:00:00,0.0001589,0.0001739,0.000154,0.0001728,2689234764.22
2024-06-02 12:00:00,0.0001728,0.00018,0.0001703,0.0001742,4794913427.25
2024-06-02 16:00:00,0.0001742,0.0001844,0.00017,0.0001774,3809625612.690001
2024-06-02 20:00:00,0.0001774,0.000185,0.000171,0.0001779,3512215226.01
2024-06-03 00:00:00,0.0001779,0.0001779,0.0001591,0.0001745,3515077401.8
2024-06-03 04:00:00,0.0001745,0.0001949,0.000167,0.0001856,4761836160.889999
2024-06-03 08:00:00,0.0001875,0.0002,0.0001851,0.0001941,4749217142.43
2024-06-03 12:00:00,0.0001941,0.0001998,0.0001788,0.0001974,4451509426.280002
2024-06-03 16:00:00,0.0001974,0.0002198,0.000195,0.0002169,6001123081.920005
2024-06-03 20:00:00,0.0002169,0.0002344,0.0002108,0.0002238,3534393863.8600006
2024-06-04 00:00:00,0.0002232,0.000228,0.0002053,0.0002164,3407306744.8600006
2024-06-04 04:00:00,0.0002164,0.0002225,0.000207,0.0002151,5181047587.01
2024-06-04 08:00:00,0.0002153,0.0002258,0.0002086,0.0002233,5065459954.370002
2024-06-04 12:00:00,0.0002233,0.0003083,0.0002178,0.000306,11540343860.420029
2024-06-04 16:00:00,0.000306,0.00032,0.0002899,0.0003175,4273598102.460004
2024-06-04 20:00:00,0.0003169,0.0003496,0.0003105,0.0003415,4995388645.750008
2024-06-05 00:00:00,0.0003387,0.0003499,0.0003251,0.0003361,2912182218.400001
2024-06-05 04:00:00,0.0003362,0.0004242,0.0003116,0.0004094,4796501597.070006
2024-06-05 08:00:00,0.0004092,0.0005081,0.0003768,0.0005081,6687723060.180025
2024-06-05 12:00:00,0.0005071,0.000592,0.0003803,0.0004682,14102258937.700062
2024-06-05 16:00:00,0.0004654,0.0004893,0.00041,0.0004382,4201394579.6300063
2024-06-05 20:00:00,0.0004382,0.0004753,0.0003936,0.0004524,3106994783.0500016
2024-06-06 00:00:00,0.000455,0.0004606,0.00038,0.0003808,2830749661.8200016
2024-06-06 04:00:00,0.0003793,0.000433,0.00034,0.0003834,4019338934.380006
2024-06-06 08:00:00,0.0003841,0.0004636,0.000364,0.0004636,3866012558.760004
2024-06-06 12:00:00,0.0004626,0.0004872,0.0004158,0.0004695,4029075409.460003
2024-06-06 16:00:00,0.0004693,0.0004786,0.0004312,0.0004466,4040643012.890001
2024-06-06 20:00:00,0.0004466,0.0004649,0.0004268,0.0004393,1641720278.28
2024-06-07 00:00:00,0.0004393,0.0004488,0.000415,0.000426,1374619391.23
2024-06-07 04:00:00,0.000426,0.000499,0.0004259,0.0004899,2488629274.840002
2024-06-07 08:00:00,0.0004899,0.0005601,0.0004881,0.0005369,4142067971.320006
2024-06-07 12:00:00,0.0005352,0.0005502,0.0004521,0.0004662,3888579166.990004
2024-06-07 16:00:00,0.0004664,0.0004765,0.0003742,0.0004687,3301548738.950003
2024-06-07 20:00:00,0.0004675,0.0004689,0.000411,0.0004689,1592935977.200001
2024-06-08 00:00:00,0.0004676,0.0004676,0.000423,0.0004434,1601561375.33
2024-06-08 04:00:00,0.0004439,0.00047,0.0004154,0.0004619,1992107963.36
2024-06-08 08:00:00,0.0004619,0.0004619,0.0004013,0.0004317,2739702313.9400005
2024-06-08 12:00:00,0.0004305,0.0004451,0.0004142,0.0004391,1914255173.55
2024-06-08 16:00:00,0.0004392,0.00046,0.0004264,0.0004397,1434779930.87
2024-06-08 20:00:00,0.0004397,0.0004593,0.0004208,0.0004508,1600561213.7100005
2024-06-09 00:00:00,0.0004511,0.0004516,0.0004166,0.0004214,1598803632.97
2024-06-09 04:00:00,0.0004214,0.0004296,0.0004075,0.0004261,1319137230.82
2024-06-09 08:00:00,0.0004261,0.0004625,0.0004186,0.0004514,1947506332.42
2024-06-09 12:00:00,0.0004506,0.0004699,0.0004346,0.000449,2330174109.1500006
2024-06-09 16:00:00,0.000449,0.0004612,0.0004405,0.0004444,2035772160.22
2024-06-09 20:00:00,0.0004444,0.0004994,0.0004432,0.0004877,2586252703.220001
2024-06-10 00:00:00,0.0004864,0.0005064,0.0004569,0.000472,1619001336.4800005
2024-06-10 04:00:00,0.000472,0.0004899,0.0004535,0.0004558,1629553683.69
2024-06-10 08:00:00,0.0004558,0.0005955,0.0004544,0.0005955,4359070063.320009
2024-06-10 12:00:00,0.0005955,0.0005956,0.0004529,0.0005032,5748264925.680015
2024-06-10 16:00:00,0.0005019,0.0005289,0.0004813,0.0005276,2851140846.8300014
2024-06-10 20:00:00,0.0005276,0.0005439,0.0004877,0.0004965,2384688086.370001
2024-06-11 00:00:00,0.000495,0.0005212,0.0004777,0.0004932,1576370980.7500002
2024-06-11 04:00:00,0.0004932,0.00054,0.000472,0.0005086,1557377858.14
2024-06-11 08:00:00,0.0005086,0.0005261,0.0004915,0.0004996,1487267248.9600005
2024-06-11 12:00:00,0.0004996,0.0005187,0.0004052,0.0004371,3164196985.280005
2024-06-11 16:00:00,0.0004385,0.0004639,0.0004231,0.0004354,2354686587.990001
2024-06-11 20:00:00,0.0004354,0.0004597,0.000423,0.0004235,1985112973.8600004
2024-06-12 00:00:00,0.0004235,0.0004352,0.0003856,0.0004314,2011647119.1200004
2024-06-12 04:00:00,0.0004314,0.0004851,0.0004055,0.0004791,2222097096.5100007
2024-06-12 08:00:00,0.0004791,0.0005075,0.0004203,0.000447,2947524243.230002
2024-06-12 12:00:00,0.000447,0.0004947,0.000414,0.0004229,2733288204.8500013
2024-06-12 16:00:00,0.0004229,0.00043,0.0003619,0.0003682,3631584924.590004
2024-06-12 20:00:00,0.0003681,0.0003928,0.0003021,0.0003828,4248030389.950008
2024-06-13 00:00:00,0.0003828,0.0003843,0.0002972,0.0003123,3389755688.7000017
2024-06-13 04:00:00,0.0003123,0.0003278,8.91e-05,0.0002826,25419687628.090034
2024-06-13 08:00:00,0.0002832,0.00038,0.0002806,0.0003197,6490125760.8400135
2024-06-13 12:00:00,0.0003197,0.0003245,0.0001985,0.0003219,12343171166.66004
2024-06-13 16:00:00,0.0003219,0.0003355,0.0002699,0.0003015,4812964089.640005
2024-06-13 20:00:00,0.0003011,0.0003221,0.0002756,0.0002861,2687393850.4700007
2024-06-14 00:00:00,0.0002851,0.0003018,0.0002645,0.0002846,3095699219.2200007
2024-06-14 04:00:00,0.0002846,0.0003136,0.0002765,0.0002912,2652957299.1200004
2024-06-14 08:00:00,0.0002912,0.0003221,0.0002869,0.0002993,3482378097.3900013
2024-06-14 12:00:00,0.0003,0.0003143,0.000284,0.0002856,2521727972.410001
2024-06-14 16:00:00,0.0002855,0.0002889,0.000239,0.0002497,5270394075.200006
2024-06-14 20:00:00,0.0002497,0.0002639,0.0002374,0.0002399,3245556052.810001
2024-06-15 00:00:00,0.0002405,0.0002439,0.00021,0.0002144,3091569617.970001
2024-06-15 04:00:00,0.0002144,0.000236,0.00021,0.0002171,4080888764.050002
2024-06-15 08:00:00,0.000217,0.0002214,0.000203,0.0002122,4634773735.890001
2024-06-15 12:00:00,0.0002122,0.0002184,0.0001657,0.0002047,7011238711.460008
2024-06-15 16:00:00,0.0002047,0.00021,0.0001697,0.0001718,6713235109.320007
2024-06-15 20:00:00,0.0001718,0.000184,0.0001555,0.00017,5203958558.770004
2024-06-16 00:00:00,0.00017,0.000173,0.0001584,0.0001648,4070700077.3200016
2024-06-16 04:00:00,0.0001648,0.0001982,0.0001611,0.0001844,4831060382.170002
2024-06-16 08:00:00,0.0001844,0.000259,0.0001755,0.0002545,7271218382.970009
2024-06-16 12:00:00,0.000254,0.0002971,0.0002015,0.0002272,11273777994.68002
2024-06-16 16:00:00,0.0002272,0.0002314,0.0001724,0.0001867,6440310030.810007
2024-06-16 20:00:00,0.0001864,0.0001976,0.000176,0.0001866,5035538383.290004
2024-06-17 00:00:00,0.0001866,0.0001927,0.0001734,0.0001777,4017534936.39
2024-06-17 04:00:00,0.0001777,0.0001936,0.0001656,0.0001843,4345583656.080002
2024-06-17 08:00:00,0.0001844,0.0001901,0.0001727,0.0001804,4596391336.240002
2024-06-17 12:00:00,0.0001804,0.0001829,0.0001568,0.0001734,6877211096.890005
2024-06-17 16:00:00,0.000174,0.0001751,0.000162,0.0001643,5127164393.870002
2024-06-17 20:00:00,0.0001645,0.0001649,0.0001291,0.0001351,10009086791.890009
2024-06-18 00:00:00,0.0001354,0.0001385,0.0001033,0.000124,8537076608.870005
2024-06-18 04:00:00,0.0001243,0.0001243,7.59e-05,7.63e-05,16529904687.18001
2024-06-18 08:00:00,7.63e-05,8.79e-05,5.64e-05,7.14e-05,48871132932.27002
2024-06-18 12:00:00,7.13e-05,0.000104,6.57e-05,9.08e-05,42940846918.37002
2024-06-18 16:00:00,9.12e-05,9.7e-05,7.96e-05,8.53e-05,15411881827.730003
2024-06-18 20:00:00,8.58e-05,0.000104,8.08e-05,0.0001037,10895919143.280006
2024-06-19 00:00:00,0.0001037,0.0001037,9.13e-05,9.55e-05,10751526963.290005
2024-06-19 04:00:00,9.53e-05,0.0001117,9.155e-05,0.0001036,10121778937.380009
2024-06-19 08:00:00,0.0001037,0.00012862,0.00010125,0.00012363,13155111589.980013
2024-06-19 12:00:00,0.00012328,0.00012394,9.213e-05,0.00010139,16168262243.14001
2024-06-19 16:00:00,0.00010139,0.00010162,8.014e-05,8.798e-05,12269745717.540009
2024-06-19 20:00:00,8.798e-05,9.075e-05,8.212e-05,8.389e-05,12391847126.49001
2024-06-20 00:00:00,8.389e-05,8.828e-05,6.651e-05,7.216e-05,14968677194.920006
2024-06-20 04:00:00,7.216e-05,9.015e-05,7.208e-05,8.574e-05,13613040186.440006
2024-06-20 08:00:00,8.574e-05,8.791e-05,7.11e-05,7.395e-05,18115676709.320007
2024-06-20 12:00:00,7.395e-05,7.474e-05,5.662e-05,6.015e-05,25335834647.860016
2024-06-20 16:00:00,6.015e-05,6.76e-05,5.788e-05,6.201e-05,20700451580.61001
2024-06-20 20:00:00,6.201e-05,6.791e-05,6e-05,6.171e-05,15019422337.380009
2024-06-21 00:00:00,6.147e-05,6.5e-05,5.81e-05,6.055e-05,12668214548.760004
2024-06-21 04:00:00,6.055e-05,6.371e-05,5.481e-05,5.665e-05,14008691129.600006
2024-06-21 08:00:00,5.665e-05,5.891e-05,5.361e-05,5.654e-05,15672072677.540005
2024-06-21 12:00:00,5.654e-05,5.744e-05,4.9e-05,4.974e-05,28816737227.000008
2024-06-21 16:00:00,4.974e-05,5.361e-05,4.601e-05,5.246e-05,16987468879.670006
2024-06-21 20:00:00,5.246e-05,6.37e-05,5.163e-05,5.663e-05,17542227298.570007
2024-06-22 00:00:00,5.663e-05,5.82e-05,4.839e-05,5.034e-05,14476542690.560007
2024-06-22 04:00:00,5.034e-05,5.9e-05,4.892e-05,5.834e-05,15423028975.090008
2024-06-22 08:00:00,5.834e-05,6.16e-05,5.488e-05,5.993e-05,13652672228.480007
2024-06-22 12:00:00,5.993e-05,6.963e-05,5.897e-05,6.68e-05,20488894674.95001
2024-06-22 16:00:00,6.678e-05,8.4e-05,6.477e-05,8.089e-05,15175442806.390009
2024-06-22 20:00:00,8.089e-05,8.089e-05,6.863e-05,7.154e-05,6653499164.620002
2024-06-23 00:00:00,7.154e-05,7.331e-05,6.551e-05,7.068e-05,7021844319.310003
2024-06-23 04:00:00,7.071e-05,7.359e-05,6.651e-05,6.929e-05,6173262227.600002
2024-06-23 08:00:00,6.929e-05,6.929e-05,6.318e-05,6.428e-05,4457634500.250002
2024-06-23 12:00:00,6.428e-05,6.567e-05,6.122e-05,6.407e-05,14151585712.360008
2024-06-23 16:00:00,6.407e-05,6.892e-05,5.903e-05,6.631e-05,16944726378.870008
2024-06-23 20:00:00,6.647e-05,6.723e-05,6.048e-05,6.137e-05,10877237180.210005
2024-06-24 00:00:00,6.137e-05,6.249e-05,5.761e-05,5.801e-05,14770358457.660004
2024-06-24 04:00:00,5.792e-05,6.083e-05,5.636e-05,5.907e-05,14842954276.740004
2024-06-24 08:00:00,5.907e-05,6.681e-05,5.797e-05,6.554e-05,7520071955.620003
2024-06-24 12:00:00,6.552e-05,6.65e-05,6.051e-05,6.09e-05,5115531575.700001
2024-06-24 16:00:00,6.09e-05,6.298e-05,5.811e-05,5.865e-05,4312180467.100001
2024-06-24 20:00:00,5.865e-05,6.061e-05,5.452e-05,5.823e-05,5165492966.460001
2024-06-25 00:00:00,5.822e-05,6.676e-05,5.66e-05,6.484e-05,4738465777.630001
2024-06-25 04:00:00,6.484e-05,6.82e-05,6.281e-05,6.33e-05,3829844127.7800016
2024-06-25 08:00:00,6.331e-05,7.34e-05,6.215e-05,7.051e-05,6961219862.670004
2024-06-25 12:00:00,7.051e-05,7.422e-05,6.654e-05,7.058e-05,4433060475.660001
2024-06-25 16:00:00,7.064e-05,7.487e-05,6.403e-05,6.662e-05,8375136506.190002
2024-06-25 20:00:00,6.662e-05,6.719e-05,6.3e-05,6.673e-05,2028331799.7400005
2024-06-26 00:00:00,6.673e-05,6.75e-05,6.346e-05,6.372e-05,1863615198.820001
2024-06-26 04:00:00,6.372e-05,6.372e-05,5.851e-05,5.964e-05,4355496957.590002
2024-06-26 08:00:00,5.964e-05,6.023e-05,5.505e-05,5.629e-05,5444888902.110001
2024-06-26 12:00:00,5.633e-05,5.835e-05,5.48e-05,5.713e-05,3958120403.5700006
2024-06-26 16:00:00,5.713e-05,5.733e-05,5.184e-05,5.296e-05,8483007435.260003
2024-06-26 20:00:00,5.304e-05,5.551e-05,5.009e-05,5.072e-05,4508496130.140001
2024-06-27 00:00:00,5.072e-05,5.29e-05,4.75e-05,5.154e-05,4430650639.060001
2024-06-27 04:00:00,5.154e-05,5.179e-05,4.851e-05,4.958e-05,3993462103.2400007
2024-06-27 08:00:00,4.958e-05,5.129e-05,4.802e-05,5.094e-05,5724149774.720001
2024-06-27 12:00:00,5.079e-05,5.39e-05,4.888e-05,5.169e-05,6043667938.130001
2024-06-27 16:00:00,5.169e-05,5.465e-05,4.91e-05,5.42e-05,4206847260.830001
2024-06-27 20:00:00,5.42e-05,5.431e-05,5.013e-05,5.177e-05,2251120509.820001
2024-06-28 00:00:00,5.166e-05,5.166e-05,4.85e-05,4.972e-05,2722006422.8
2024-06-28 04:00:00,4.972e-05,5.018e-05,4.533e-05,4.635e-05,4144614456.640001
2024-06-28 08:00:00,4.635e-05,4.899e-05,4.54e-05,4.894e-05,3752011553.56
2024-06-28 12:00:00,4.885e-05,4.996e-05,4.699e-05,4.901e-05,2903315232.7700005
2024-06-28 16:00:00,4.894e-05,5e-05,4.582e-05,4.651e-05,3252315205.2300005
2024-06-28 20:00:00,4.661e-05,4.748e-05,3.691e-05,4.057e-05,6516221090.220007
2024-06-29 00:00:00,4.073e-05,4.212e-05,4.071e-05,4.128e-05,1791719050.0900002
2024-06-29 04:00:00,4.122e-05,4.189e-05,3.871e-05,3.988e-05,3616560918.9000006
2024-06-29 08:00:00,3.988e-05,4.309e-05,3.943e-05,4.212e-05,2228794144.53
2024-06-29 12:00:00,4.212e-05,4.475e-05,4.212e-05,4.281e-05,2831860320.4000006
2024-06-29 16:00:00,4.287e-05,4.365e-05,4.035e-05,4.09e-05,2628829056.160001
2024-06-29 20:00:00,4.076e-05,4.205e-05,3.951e-05,4.009e-05,1601975265.54
2024-06-30 00:00:00,4.009e-05,4.346e-05,3.952e-05,4.046e-05,1683958608.3600006
2024-06-30 04:00:00,4.046e-05,4.348e-05,3.993e-05,4.233e-05,4558401010.18
2024-06-30 08:00:00,4.248e-05,4.267e-05,4e-05,4.109e-05,3477045037.820001
2024-06-30 12:00:00,4.109e-05,4.162e-05,3.992e-05,4.032e-05,3509941280.3900003
2024-06-30 16:00:00,4.032e-05,4.161e-05,3.904e-05,4.091e-05,1599205173.4100003
2024-06-30 20:00:00,4.082e-05,4.208e-05,3.938e-05,4.148e-05,3182904320.3100004
2024-07-01 00:00:00,4.148e-05,4.312e-05,4.071e-05,4.23e-05,1666679600.0100002
2024-07-01 04:00:00,4.23e-05,4.296e-05,4.043e-05,4.084e-05,2051544337.49
2024-07-01 08:00:00,4.092e-05,4.133e-05,3.734e-05,3.841e-05,3836889499.369999
2024-07-01 12:00:00,3.841e-05,3.908e-05,3.671e-05,3.769e-05,3889938353.66
2024-07-01 16:00:00,3.769e-05,3.784e-05,3.433e-05,3.646e-05,6677805229.150002
2024-07-01 20:00:00,3.646e-05,3.688e-05,3.314e-05,3.422e-05,3794499051.74
2024-07-02 00:00:00,3.422e-05,3.56e-05,3.377e-05,3.454e-05,2273478062.61
2024-07-02 04:00:00,3.454e-05,3.627e-05,3.399e-05,3.423e-05,2632086279.26
2024-07-02 08:00:00,3.421e-05,3.613e-05,3.309e-05,3.428e-05,3639402250.500001
2024-07-02 12:00:00,3.428e-05,3.62e-05,3.408e-05,3.515e-05,2914119882.6100006
2024-07-02 16:00:00,3.515e-05,3.538e-05,3.412e-05,3.538e-05,3783943106.18
2024-07-02 20:00:00,3.538e-05,3.644e-05,3.499e-05,3.582e-05,2559464736.9900007
2024-07-03 00:00:00,3.582e-05,3.653e-05,3.067e-05,3.28e-05,4597896091.120001
2024-07-03 04:00:00,3.28e-05,3.29e-05,3.211e-05,3.227e-05,4612893693.0
2024-07-03 08:00:00,3.227e-05,3.283e-05,3.063e-05,3.143e-05,6283690975.260001
2024-07-03 12:00:00,3.143e-05,3.166e-05,3.043e-05,3.074e-05,4380707030.610001
2024-07-03 16:00:00,3.074e-05,3.41e-05,3.058e-05,3.271e-05,6737202589.580001
2024-07-03 20:00:00,3.271e-05,3.386e-05,3.264e-05,3.322e-05,4282189837.52
2024-07-04 00:00:00,3.322e-05,3.357e-05,3.099e-05,3.244e-05,3485489242.16
2024-07-04 04:00:00,3.244e-05,3.444e-05,3.243e-05,3.282e-05,3426419487.6400003
2024-07-04 08:00:00,3.287e-05,3.628e-05,3.246e-05,3.566e-05,4502198785.410001
2024-07-04 12:00:00,3.559e-05,3.7e-05,3.361e-05,3.612e-05,11267289651.820002
2024-07-04 16:00:00,3.612e-05,3.646e-05,3.466e-05,3.507e-05,2812899717.3400006
2024-07-04 20:00:00,3.507e-05,3.528e-05,2.913e-05,3.048e-05,4480379208.820001
2024-07-05 00:00:00,3.054e-05,3.071e-05,2.215e-05,2.383e-05,17854232526.640007
2024-07-05 04:00:00,2.39e-05,2.546e-05,2.242e-05,2.43e-05,7934840387.66
2024-07-05 08:00:00,2.429e-05,2.504e-05,2.192e-05,2.453e-05,6219974460.860002
2024-07-05 12:00:00,2.457e-05,2.666e-05,2.427e-05,2.541e-05,5886445359.18
2024-07-05 16:00:00,2.541e-05,2.863e-05,2.371e-05,2.648e-05,6393240492.610002
2024-07-05 20:00:00,2.648e-05,2.765e-05,2.571e-05,2.601e-05,2803672225.0600004
2024-07-06 00:00:00,2.601e-05,2.902e-05,2.461e-05,2.714e-05,5310796781.720001
2024-07-06 04:00:00,2.714e-05,2.804e-05,2.686e-05,2.739e-05,2909641697.1300006
2024-07-06 08:00:00,2.739e-05,2.744e-05,2.64e-05,2.675e-05,3094822961.5200005
2024-07-06 12:00:00,2.68e-05,2.8e-05,2.596e-05,2.782e-05,2819842216.930001
2024-07-06 16:00:00,2.782e-05,2.98e-05,2.733e-05,2.927e-05,3423795514.0300016
2024-07-06 20:00:00,2.928e-05,3.07e-05,2.817e-05,2.953e-05,2645980052.6900005
2024-07-07 00:00:00,2.953e-05,3.1e-05,2.795e-05,2.954e-05,3303618071.340001
2024-07-07 04:00:00,2.954e-05,2.971e-05,2.72e-05,2.822e-05,2554874301.49
2024-07-07 08:00:00,2.822e-05,2.845e-05,2.7e-05,2.808e-05,2039817128.3
2024-07-07 12:00:00,2.808e-05,2.81e-05,2.579e-05,2.598e-05,2816059554.2200003
2024-07-07 16:00:00,2.598e-05,2.636e-05,2.514e-05,2.519e-05,2355325984.19
2024-07-07 20:00:00,2.519e-05,2.533e-05,2.337e-05,2.353e-05,3674096744.2400007
2024-07-08 00:00:00,2.353e-05,2.473e-05,2.209e-05,2.453e-05,3020249108.49
2024-07-08 04:00:00,2.453e-05,2.478e-05,2.364e-05,2.441e-05,4404396640.14
2024-07-08 08:00:00,2.441e-05,2.549e-05,2.306e-05,2.482e-05,5079037156.02
2024-07-08 12:00:00,2.476e-05,2.558e-05,2.326e-05,2.38e-05,5140331080.560001
2024-07-08 16:00:00,2.38e-05,3.466e-05,2.38e-05,2.878e-05,23013705120.14
2024-07-08 20:00:00,2.878e-05,3.129e-05,2.867e-05,3.024e-05,5864637151.010001
2024-07-09 00:00:00,3.024e-05,3.284e-05,2.966e-05,3.215e-05,4975071134.000002
2024-07-09 04:00:00,3.225e-05,3.4e-05,3.033e-05,3.164e-05,5938114927.580003
2024-07-09 08:00:00,3.164e-05,3.384e-05,3.1e-05,3.255e-05,5827013174.370001
2024-07-09 12:00:00,3.255e-05,3.49e-05,3.2e-05,3.42e-05,4627216520.960001
2024-07-09 16:00:00,3.423e-05,3.423e-05,3e-05,3.187e-05,8818286705.570002
2024-07-09 20:00:00,3.187e-05,3.3e-05,3.082e-05,3.129e-05,2427068482.63
2024-07-10 00:00:00,3.129e-05,3.169e-05,2.938e-05,3.121e-05,3148042399.510001
2024-07-10 04:00:00,3.121e-05,3.226e-05,3.048e-05,3.059e-05,3765209406.43
2024-07-10 08:00:00,3.059e-05,3.165e-05,2.983e-05,3.124e-05,2548135776.01
2024-07-10 12:00:00,3.124e-05,3.135e-05,2.887e-05,2.986e-05,4731869126.670001
2024-07-10 16:00:00,2.986e-05,3.089e-05,2.919e-05,2.96e-05,2555606669.9300003
2024-07-10 20:00:00,2.96e-05,2.973e-05,2.875e-05,2.893e-05,1872651996.99
2024-07-11 00:00:00,2.893e-05,3.018e-05,2.875e-05,2.969e-05,2210290833.2400007
2024-07-11 04:00:00,2.969e-05,3.22e-05,2.969e-05,3.045e-05,3289880820.5300007
2024-07-11 08:00:00,3.045e-05,3.269e-05,3.044e-05,3.225e-05,4339849291.200001
2024-07-11 12:00:00,3.225e-05,3.254e-05,3.08e-05,3.197e-05,3948206289.5200014
2024-07-11 16:00:00,3.19e-05,3.21e-05,3.083e-05,3.09e-05,1868877400.69
2024-07-11 20:00:00,3.09e-05,3.09e-05,2.85e-05,2.853e-05,3217507331.2000003
2024-07-12 00:00:00,2.861e-05,2.909e-05,2.772e-05,2.828e-05,2113110673.02
2024-07-12 04:00:00,2.828e-05,2.889e-05,2.791e-05,2.821e-05,2205107914.4600005
2024-07-12 08:00:00,2.821e-05,2.858e-05,2.64e-05,2.756e-05,2814585302.0500007
2024-07-12 12:00:00,2.756e-05,2.793e-05,2.709e-05,2.767e-05,2699020099.910001
2024-07-12 16:00:00,2.767e-05,2.791e-05,2.697e-05,2.705e-05,2567902421.24
2024-07-12 20:00:00,2.705e-05,2.746e-05,2.6e-05,2.694e-05,3062666578.99
2024-07-13 00:00:00,2.694e-05,2.747e-05,2.644e-05,2.694e-05,1891587760.23
2024-07-13 04:00:00,2.694e-05,2.743e-05,2.628e-05,2.718e-05,2246830471.2700005
2024-07-13 08:00:00,2.718e-05,2.777e-05,2.684e-05,2.757e-05,2651483029.3300004
2024-07-13 12:00:00,2.757e-05,2.929e-05,2.715e-05,2.882e-05,3104864928.5200005
2024-07-13 16:00:00,2.882e-05,2.96e-05,2.802e-05,2.867e-05,3348337501.25
2024-07-13 20:00:00,2.867e-05,2.889e-05,2.707e-05,2.784e-05,3147587259.890001
2024-07-14 00:00:00,2.784e-05,2.874e-05,2.732e-05,2.742e-05,2194815170.01
2024-07-14 04:00:00,2.742e-05,2.805e-05,2.655e-05,2.776e-05,3110889337.7200007
2024-07-14 08:00:00,2.776e-05,2.888e-05,2.776e-05,2.819e-05,2319841254.3100004
2024-07-14 12:00:00,2.819e-05,2.846e-05,2.713e-05,2.768e-05,2705815484.640001
2024-07-14 16:00:00,2.768e-05,2.774e-05,2.705e-05,2.74e-05,1855585563.9500003
2024-07-14 20:00:00,2.74e-05,2.842e-05,2.73e-05,2.787e-05,1863610311.87
2024-07-15 00:00:00,2.787e-05,2.876e-05,2.787e-05,2.853e-05,1932253669.6700003
2024-07-15 04:00:00,2.853e-05,2.895e-05,2.8e-05,2.854e-05,2235968898.19
2024-07-15 08:00:00,2.854e-05,2.877e-05,2.75e-05,2.771e-05,1761017051.65
2024-07-15 12:00:00,2.77e-05,2.805e-05,2.506e-05,2.619e-05,6449183960.8600025
2024-07-15 16:00:00,2.619e-05,2.715e-05,2.614e-05,2.69e-05,3517907973.01
2024-07-15 20:00:00,2.69e-05,2.85e-05,2.69e-05,2.809e-05,3879175031.19
2024-07-16 00:00:00,2.809e-05,2.879e-05,2.75e-05,2.826e-05,2837555631.7700005
2024-07-16 04:00:00,2.826e-05,3.03e-05,2.644e-05,2.665e-05,5552239035.940001
2024-07-16 08:00:00,2.665e-05,2.699e-05,2.607e-05,2.677e-05,2893535261.4000006
2024-07-16 12:00:00,2.675e-05,2.776e-05,2.58e-05,2.77e-05,3370973270.29
2024-07-16 16:00:00,2.77e-05,2.813e-05,2.695e-05,2.772e-05,2753811331.5700006
2024-07-16 20:00:00,2.768e-05,2.793e-05,2.733e-05,2.755e-05,1675918466.5700006
2024-07-17 00:00:00,2.763e-05,2.82e-05,2.643e-05,2.72e-05,2732696083.26
2024-07-17 04:00:00,2.72e-05,2.777e-05,2.691e-05,2.725e-05,3109784527.3900003
2024-07-17 08:00:00,2.725e-05,2.748e-05,2.603e-05,2.611e-05,4953795431.77
2024-07-17 12:00:00,2.611e-05,2.693e-05,2.607e-05,2.655e-05,2549976411.7700005
2024-07-17 16:00:00,2.655e-05,2.675e-05,2.47e-05,2.584e-05,3858469249.820001
2024-07-17 20:00:00,2.584e-05,2.648e-05,2.55e-05,2.552e-05,2079876805.99
2024-07-18 00:00:00,2.552e-05,2.608e-05,2.5e-05,2.606e-05,2812916212.1200004
2024-07-18 04:00:00,2.606e-05,2.638e-05,2.531e-05,2.563e-05,1959636962.95
2024-07-18 08:00:00,2.563e-05,2.593e-05,2.519e-05,2.563e-05,3426668537.9500003
2024-07-18 12:00:00,2.563e-05,2.602e-05,2.434e-05,2.462e-05,4324346651.400001
2024-07-18 16:00:00,2.462e-05,2.523e-05,2.39e-05,2.418e-05,3381810760.53
2024-07-18 20:00:00,2.418e-05,2.516e-05,2.371e-05,2.471e-05,3114081033.2600007
2024-07-19 00:00:00,2.471e-05,2.518e-05,2.413e-05,2.508e-05,2123711801.9400003
2024-07-19 04:00:00,2.508e-05,2.603e-05,2.491e-05,2.548e-05,2489391520.62
2024-07-19 08:00:00,2.547e-05,2.672e-05,2.484e-05,2.592e-05,4554824294.38
2024-07-19 12:00:00,2.592e-05,2.629e-05,2.502e-05,2.539e-05,2684302007.660001
2024-07-19 16:00:00,2.541e-05,2.617e-05,2.53e-05,2.571e-05,5846465625.030002
2024-07-19 20:00:00,2.571e-05,2.69e-05,2.554e-05,2.638e-05,2337596313.8600006
2024-07-20 00:00:00,2.638e-05,2.734e-05,2.567e-05,2.636e-05,2472636139.9500003
2024-07-20 04:00:00,2.636e-05,2.682e-05,2.621e-05,2.638e-05,2238348477.79
2024-07-20 08:00:00,2.638e-05,2.663e-05,2.558e-05,2.611e-05,2791927756.08
2024-07-20 12:00:00,2.611e-05,2.654e-05,2.56e-05,2.636e-05,2808841933.05
2024-07-20 16:00:00,2.636e-05,2.868e-05,2.63e-05,2.71e-05,7370837324.270001
2024-07-20 20:00:00,2.71e-05,2.725e-05,2.65e-05,2.684e-05,2136596017.84
2024-07-21 00:00:00,2.684e-05,2.761e-05,2.663e-05,2.692e-05,1810439736.75
2024-07-21 04:00:00,2.692e-05,2.706e-05,2.515e-05,2.567e-05,2378980692.63
2024-07-21 08:00:00,2.567e-05,2.593e-05,2.521e-05,2.555e-05,2190632250.3100004
2024-07-21 12:00:00,2.555e-05,2.576e-05,2.51e-05,2.551e-05,2209659449.2300005
2024-07-21 16:00:00,2.551e-05,2.564e-05,2.331e-05,2.447e-05,4544538474.7300005
2024-07-21 20:00:00,2.447e-05,2.563e-05,2.446e-05,2.551e-05,3597021052.81
2024-07-22 00:00:00,2.551e-05,2.581e-05,2.512e-05,2.553e-05,1935851103.98
2024-07-22 04:00:00,2.553e-05,2.586e-05,2.462e-05,2.502e-05,2475184943.1000004
2024-07-22 08:00:00,2.502e-05,2.539e-05,2.488e-05,2.511e-05,1874738212.05
2024-07-22 12:00:00,2.511e-05,2.6e-05,2.446e-05,2.482e-05,3317803778.4900007
2024-07-22 16:00:00,2.474e-05,2.539e-05,2.471e-05,2.522e-05,3971167161.05
2024-07-22 20:00:00,2.522e-05,2.543e-05,2.369e-05,2.414e-05,2694408378.54
2024-07-23 00:00:00,2.414e-05,2.463e-05,2.385e-05,2.416e-05,3152004772.8
2024-07-23 04:00:00,2.416e-05,2.431e-05,2.234e-05,2.295e-05,3672450723.0300007
2024-07-23 08:00:00,2.295e-05,2.354e-05,2.293e-05,2.306e-05,2165505257.92
2024-07-23 12:00:00,2.306e-05,2.384e-05,2.24e-05,2.296e-05,5828184893.440001
2024-07-23 16:00:00,2.302e-05,2.303e-05,2.141e-05,2.24e-05,3653999367.460001
2024-07-23 20:00:00,2.24e-05,2.262e-05,2.201e-05,2.227e-05,2947568437.75
2024-07-24 00:00:00,2.227e-05,2.24e-05,2.193e-05,2.233e-05,2026036790.1600003
2024-07-24 04:00:00,2.233e-05,2.279e-05,2.222e-05,2.278e-05,2910136346.8200006
2024-07-24 08:00:00,2.274e-05,2.355e-05,2.271e-05,2.329e-05,3032740516.4400005
2024-07-24 12:00:00,2.329e-05,2.333e-05,2.243e-05,2.247e-05,3121685847.17
2024-07-24 16:00:00,2.247e-05,2.323e-05,2.235e-05,2.279e-05,2941603653.0300007
2024-07-24 20:00:00,2.279e-05,2.293e-05,2.197e-05,2.237e-05,2207529483.7100005
2024-07-25 00:00:00,2.237e-05,2.273e-05,1.942e-05,1.988e-05,5135376990.870001
2024-07-25 04:00:00,1.989e-05,2.023e-05,1.908e-05,1.936e-05,4306955202.54
2024-07-25 08:00:00,1.936e-05,1.98e-05,1.883e-05,1.907e-05,3826712068.440001
2024-07-25 12:00:00,1.908e-05,1.924e-05,1.818e-05,1.912e-05,5332995980.59
2024-07-25 16:00:00,1.912e-05,1.914e-05,1.672e-05,1.727e-05,8430833546.800001
2024-07-25 20:00:00,1.727e-05,1.828e-05,1.627e-05,1.769e-05,6149103977.3
2024-07-26 00:00:00,1.769e-05,1.905e-05,1.753e-05,1.864e-05,2402087219.8
2024-07-26 04:00:00,1.864e-05,1.954e-05,1.857e-05,1.902e-05,2429753212.65
2024-07-26 08:00:00,1.903e-05,2.072e-05,1.903e-05,2.054e-05,5162138822.64
2024-07-26 12:00:00,2.054e-05,2.092e-05,1.976e-05,2.029e-05,3619108618.18
2024-07-26 16:00:00,2.034e-05,2.25e-05,1.988e-05,2.217e-05,4272079830.55
2024-07-26 20:00:00,2.217e-05,2.263e-05,2.118e-05,2.163e-05,7078129965.670001
2024-07-27 00:00:00,2.163e-05,2.248e-05,2.148e-05,2.19e-05,1938734750.7100005
2024-07-27 04:00:00,2.19e-05,2.371e-05,2.19e-05,2.3e-05,5072270185.15
2024-07-27 08:00:00,2.3e-05,2.49e-05,2.192e-05,2.484e-05,4036274499.500001
2024-07-27 12:00:00,2.484e-05,2.558e-05,2.327e-05,2.406e-05,4576282635.860001
2024-07-27 16:00:00,2.408e-05,2.484e-05,2.218e-05,2.237e-05,3145485229.3300004
2024-07-27 20:00:00,2.232e-05,2.365e-05,2.2e-05,2.299e-05,2800961454.11
2024-07-28 00:00:00,2.299e-05,2.311e-05,2.183e-05,2.189e-05,2230091320.32
2024-07-28 04:00:00,2.189e-05,2.232e-05,2.131e-05,2.163e-05,1550507140.4
2024-07-28 08:00:00,2.163e-05,2.168e-05,2.073e-05,2.094e-05,3547322799.81
2024-07-28 12:00:00,2.094e-05,2.095e-05,2.009e-05,2.035e-05,2378165431.82
2024-07-28 16:00:00,2.035e-05,2.133e-05,2.025e-05,2.077e-05,2237344572.0400004
2024-07-28 20:00:00,2.077e-05,2.112e-05,1.912e-05,2.016e-05,2818238934.2699995
2024-07-29 00:00:00,2.016e-05,2.112e-05,2e-05,2.098e-05,1947334228.24
2024-07-29 04:00:00,2.098e-05,2.13e-05,2.044e-05,2.083e-05,1576610130.71
2024-07-29 08:00:00,2.083e-05,2.122e-05,2.059e-05,2.091e-05,1827202794.53
2024-07-29 12:00:00,2.091e-05,2.102e-05,1.901e-05,1.955e-05,3313847348.82
2024-07-29 16:00:00,1.955e-05,2.015e-05,1.9e-05,1.986e-05,4214792134.83
2024-07-29 20:00:00,1.986e-05,2.007e-05,1.92e-05,1.935e-05,3409317060.870002
2024-07-30 00:00:00,1.936e-05,1.949e-05,1.854e-05,1.927e-05,2363291441.25
2024-07-30 04:00:00,1.927e-05,1.968e-05,1.891e-05,1.968e-05,1280088593.21
2024-07-30 08:00:00,1.968e-05,1.971e-05,1.914e-05,1.939e-05,1407487361.13
2024-07-30 12:00:00,1.939e-05,2.019e-05,1.914e-05,1.976e-05,1677728633.2900002
2024-07-30 16:00:00,1.976e-05,1.995e-05,1.857e-05,1.885e-05,2364545734.8900003
2024-07-30 20:00:00,1.885e-05,1.899e-05,1.825e-05,1.845e-05,2778123926.4300003
2024-07-31 00:00:00,1.845e-05,1.876e-05,1.789e-05,1.853e-05,2672260587.78
2024-07-31 04:00:00,1.853e-05,1.898e-05,1.836e-05,1.879e-05,1405511063.32
2024-07-31 08:00:00,1.879e-05,1.882e-05,1.831e-05,1.846e-05,1403987518.84
2024-07-31 12:00:00,1.846e-05,1.886e-05,1.836e-05,1.846e-05,1374014061.11
2024-07-31 16:00:00,1.847e-05,1.869e-05,1.735e-05,1.764e-05,2070148795.0600004
2024-07-31 20:00:00,1.764e-05,1.777e-05,1.681e-05,1.716e-05,3198323850.5000005
2024-08-01 00:00:00,1.716e-05,1.733e-05,1.694e-05,1.704e-05,1654619079.04
2024-08-01 04:00:00,1.704e-05,1.721e-05,1.631e-05,1.688e-05,2098989914.8800004
2024-08-01 08:00:00,1.688e-05,1.748e-05,1.688e-05,1.739e-05,2170866348.1400003
2024-08-01 12:00:00,1.739e-05,1.746e-05,1.66e-05,1.678e-05,2201228293.63
2024-08-01 16:00:00,1.678e-05,1.718e-05,1.612e-05,1.701e-05,3324999435.54
2024-08-01 20:00:00,1.701e-05,1.829e-05,1.686e-05,1.817e-05,2048482018.18
2024-08-02 00:00:00,1.817e-05,1.849e-05,1.756e-05,1.811e-05,1620347321.6999998
2024-08-02 04:00:00,1.811e-05,1.844e-05,1.756e-05,1.805e-05,1190427230.58
2024-08-02 08:00:00,1.805e-05,1.81e-05,1.757e-05,1.777e-05,1328592735.16
2024-08-02 12:00:00,1.777e-05,1.79e-05,1.55e-05,1.628e-05,4323644361.310001
2024-08-02 16:00:00,1.628e-05,1.652e-05,1.597e-05,1.61e-05,3824624422.31
2024-08-02 20:00:00,1.61e-05,1.645e-05,1.54e-05,1.573e-05,3965681320.6300006
2024-08-03 00:00:00,1.573e-05,1.582e-05,1.441e-05,1.509e-05,6258487274.9800005
2024-08-03 04:00:00,1.509e-05,1.564e-05,1.501e-05,1.54e-05,2369629754.3300004
2024-08-03 08:00:00,1.542e-05,1.551e-05,1.507e-05,1.542e-05,2935921080.93
2024-08-03 12:00:00,1.542e-05,1.647e-05,1.542e-05,1.558e-05,3180781556.4400005
2024-08-03 16:00:00,1.558e-05,1.568e-05,1.401e-05,1.41e-05,5788708674.190001
2024-08-03 20:00:00,1.41e-05,1.465e-05,1.402e-05,1.449e-05,1901230300.32
2024-08-04 00:00:00,1.449e-05,1.489e-05,1.425e-05,1.474e-05,1885454220.9200003
2024-08-04 04:00:00,1.474e-05,1.489e-05,1.434e-05,1.439e-05,1561035437.2400002
2024-08-04 08:00:00,1.439e-05,1.489e-05,1.434e-05,1.473e-05,2043293085.52
2024-08-04 12:00:00,1.473e-05,1.491e-05,1.359e-05,1.359e-05,2876752756.7700005
2024-08-04 16:00:00,1.359e-05,1.36e-05,1.244e-05,1.328e-05,6258662155.700001
2024-08-04 20:00:00,1.328e-05,1.348e-05,1.269e-05,1.275e-05,2495349316.28
2024-08-05 00:00:00,1.275e-05,1.287e-05,1e-05,1.065e-05,14099338705.650003
2024-08-05 04:00:00,1.065e-05,1.084e-05,8.89e-06,1.06e-05,9853345882.78
2024-08-05 08:00:00,1.06e-05,1.06e-05,9.53e-06,9.89e-06,6065514613.82
2024-08-05 12:00:00,9.89e-06,1.085e-05,9.03e-06,1.041e-05,5205306698.39
2024-08-05 16:00:00,1.041e-05,1.09e-05,9.92e-06,1.014e-05,4621093129.34
2024-08-05 20:00:00,1.014e-05,1.061e-05,1.014e-05,1.03e-05,3592338974.96
2024-08-06 00:00:00,1.03e-05,1.138e-05,1.03e-05,1.116e-05,3625436208.66
2024-08-06 04:00:00,1.116e-05,1.189e-05,1.109e-05,1.161e-05,4001275933.58
2024-08-06 08:00:00,1.161e-05,1.162e-05,1.082e-05,1.131e-05,3614407109.74
2024-08-06 12:00:00,1.131e-05,1.209e-05,1.059e-05,1.184e-05,4569270331.1
2024-08-06 16:00:00,1.184e-05,1.184e-05,1.126e-05,1.133e-05,3272212281.8900003
2024-08-06 20:00:00,1.133e-05,1.177e-05,1.11e-05,1.127e-05,3512868865.4800005
2024-08-07 00:00:00,1.127e-05,1.18e-05,1.095e-05,1.172e-05,2784032594.0700006
2024-08-07 04:00:00,1.17e-05,1.244e-05,1.164e-05,1.197e-05,4010258126.170001
2024-08-07 08:00:00,1.197e-05,1.231e-05,1.165e-05,1.165e-05,4680453919.440001
2024-08-07 12:00:00,1.165e-05,1.189e-05,1.086e-05,1.104e-05,3586102933.5200005
2024-08-07 16:00:00,1.104e-05,1.105e-05,1.051e-05,1.068e-05,3136992647.17
2024-08-07 20:00:00,1.068e-05,1.09e-05,1.041e-05,1.053e-05,3487560538.4500003
2024-08-08 00:00:00,1.053e-05,1.129e-05,1.031e-05,1.111e-05,3918490416.62
2024-08-08 04:00:00,1.111e-05,1.136e-05,1.097e-05,1.117e-05,3864066686.35
2024-08-08 08:00:00,1.117e-05,1.143e-05,1.116e-05,1.133e-05,2104509071.33
2024-08-08 12:00:00,1.133e-05,1.195e-05,1.117e-05,1.193e-05,2800005055.57
2024-08-08 16:00:00,1.193e-05,1.335e-05,1.189e-05,1.315e-05,4871679066.280001
2024-08-08 20:00:00,1.315e-05,1.435e-05,1.273e-05,1.427e-05,4340920996.66
2024-08-09 00:00:00,1.427e-05,1.506e-05,1.368e-05,1.422e-05,3746066605.21
2024-08-09 04:00:00,1.422e-05,1.564e-05,1.375e-05,1.531e-05,5502634578.460001
2024-08-09 08:00:00,1.531e-05,1.533e-05,1.443e-05,1.49e-05,3188283777.9799995
2024-08-09 12:00:00,1.491e-05,1.574e-05,1.434e-05,1.439e-05,4402292394.56
2024-08-09 16:00:00,1.439e-05,1.447e-05,1.347e-05,1.396e-05,4360492838.42
2024-08-09 20:00:00,1.396e-05,1.448e-05,1.38e-05,1.422e-05,3614607088.3
2024-08-10 00:00:00,1.421e-05,1.481e-05,1.388e-05,1.419e-05,2346374149.62
2024-08-10 04:00:00,1.419e-05,1.529e-05,1.394e-05,1.512e-05,2711137149.5600004
2024-08-10 08:00:00,1.512e-05,1.534e-05,1.411e-05,1.419e-05,2775197163.4300003
2024-08-10 12:00:00,1.419e-05,1.597e-05,1.408e-05,1.54e-05,3020863915.5100007
2024-08-10 16:00:00,1.54e-05,1.54e-05,1.479e-05,1.499e-05,2749172635.34
2024-08-10 20:00:00,1.499e-05,1.528e-05,1.449e-05,1.456e-05,1939432324.82
2024-08-11 00:00:00,1.455e-05,1.519e-05,1.43e-05,1.487e-05,2091590461.49
2024-08-11 04:00:00,1.487e-05,1.574e-05,1.472e-05,1.491e-05,1945716773.17
2024-08-11 08:00:00,1.496e-05,1.539e-05,1.393e-05,1.431e-05,3634823798.8
2024-08-11 12:00:00,1.431e-05,1.447e-05,1.399e-05,1.427e-05,2874383394.1800003
2024-08-11 16:00:00,1.427e-05,1.427e-05,1.332e-05,1.336e-05,3174833696.2500005
2024-08-11 20:00:00,1.336e-05,1.336e-05,1.274e-05,1.299e-05,2286673377.81
2024-08-12 00:00:00,1.299e-05,1.31e-05,1.279e-05,1.289e-05,2198795931.57
2024-08-12 04:00:00,1.289e-05,1.314e-05,1.253e-05,1.3e-05,2251567972.96
2024-08-12 08:00:00,1.3e-05,1.339e-05,1.264e-05,1.331e-05,2387853741.42
2024-08-12 12:00:00,1.331e-05,1.345e-05,1.26e-05,1.317e-05,2662755640.7200003
2024-08-12 16:00:00,1.317e-05,1.332e-05,1.27e-05,1.285e-05,2059247909.78
2024-08-12 20:00:00,1.285e-05,1.314e-05,1.271e-05,1.307e-05,2610211716.15
2024-08-13 00:00:00,1.307e-05,1.308e-05,1.237e-05,1.24e-05,2034031159.22
2024-08-13 04:00:00,1.24e-05,1.286e-05,1.233e-05,1.267e-05,2064465214.64
2024-08-13 08:00:00,1.267e-05,1.299e-05,1.252e-05,1.272e-05,2532650576.26
2024-08-13 12:00:00,1.272e-05,1.289e-05,1.251e-05,1.26e-05,1879414763.76
2024-08-13 16:00:00,1.257e-05,1.302e-05,1.234e-05,1.26e-05,2067014648.55
2024-08-13 20:00:00,1.256e-05,1.285e-05,1.252e-05,1.272e-05,1276676746.71
2024-08-14 00:00:00,1.272e-05,1.272e-05,1.223e-05,1.253e-05,1210980431.49
2024-08-14 04:00:00,1.252e-05,1.263e-05,1.225e-05,1.235e-05,1564285726.67
2024-08-14 08:00:00,1.235e-05,1.281e-05,1.215e-05,1.281e-05,2486605121.6200004
2024-08-14 12:00:00,1.281e-05,1.289e-05,1.186e-05,1.231e-05,3726098815.5300007
2024-08-14 16:00:00,1.232e-05,1.244e-05,1.199e-05,1.209e-05,1634889644.0
2024-08-14 20:00:00,1.208e-05,1.216e-05,1.162e-05,1.195e-05,1421888650.39
2024-08-15 00:00:00,1.195e-05,1.247e-05,1.194e-05,1.221e-05,1606510843.11
2024-08-15 04:00:00,1.221e-05,1.223e-05,1.175e-05,1.209e-05,1618264387.36
2024-08-15 08:00:00,1.209e-05,1.234e-05,1.205e-05,1.228e-05,1326042234.19
2024-08-15 12:00:00,1.228e-05,1.248e-05,1.209e-05,1.236e-05,1281670879.77
2024-08-15 16:00:00,1.236e-05,1.245e-05,1.102e-05,1.134e-05,2611621740.76
2024-08-15 20:00:00,1.134e-05,1.134e-05,1.09e-05,1.104e-05,1961942209.16
2024-08-16 00:00:00,1.103e-05,1.121e-05,1.082e-05,1.107e-05,1789522595.0900002
2024-08-16 04:00:00,1.106e-05,1.162e-05,1.102e-05,1.146e-05,2018125256.6
2024-08-16 08:00:00,1.146e-05,1.148e-05,1.123e-05,1.13e-05,1652271937.0900002
2024-08-16 12:00:00,1.13e-05,1.156e-05,1.096e-05,1.113e-05,2873023588.18
2024-08-16 16:00:00,1.113e-05,1.156e-05,1.098e-05,1.138e-05,2532615346.5
2024-08-16 20:00:00,1.138e-05,1.15e-05,1.109e-05,1.115e-05,1428010767.72
2024-08-17 00:00:00,1.114e-05,1.129e-05,1.104e-05,1.109e-05,841359391.2
2024-08-17 04:00:00,1.109e-05,1.112e-05,1.085e-05,1.092e-05,960475964.4099998
2024-08-17 08:00:00,1.092e-05,1.117e-05,1.069e-05,1.1e-05,4862916169.6
2024-08-17 12:00:00,1.101e-05,1.165e-05,1.089e-05,1.155e-05,3248999156.35
2024-08-17 16:00:00,1.156e-05,1.169e-05,1.137e-05,1.142e-05,1453219577.6
2024-08-17 20:00:00,1.142e-05,1.18e-05,1.141e-05,1.161e-05,1300314607.4400003
2024-08-18 00:00:00,1.161e-05,1.176e-05,1.147e-05,1.151e-05,1038361325.18
2024-08-18 04:00:00,1.15e-05,1.214e-05,1.143e-05,1.161e-05,2208274603.3500004
2024-08-18 08:00:00,1.161e-05,1.21e-05,1.152e-05,1.178e-05,1583459751.9100003
2024-08-18 12:00:00,1.179e-05,1.196e-05,1.162e-05,1.183e-05,864473673.6299999
2024-08-18 16:00:00,1.182e-05,1.186e-05,1.153e-05,1.18e-05,1453252547.5100002
2024-08-18 20:00:00,1.181e-05,1.193e-05,1.141e-05,1.143e-05,1964505910.77
2024-08-19 00:00:00,1.143e-05,1.143e-05,1.104e-05,1.118e-05,1445368586.72
2024-08-19 04:00:00,1.118e-05,1.123e-05,1.098e-05,1.11e-05,698878243.21
2024-08-19 08:00:00,1.111e-05,1.127e-05,1.086e-05,1.107e-05,2284284764.84
2024-08-19 12:00:00,1.105e-05,1.116e-05,1.079e-05,1.085e-05,2335976619.99
2024-08-19 16:00:00,1.085e-05,1.116e-05,1.068e-05,1.091e-05,1503041029.5400002
2024-08-19 20:00:00,1.091e-05,1.111e-05,1.087e-05,1.102e-05,859179385.44
2024-08-20 00:00:00,1.102e-05,1.141e-05,1.093e-05,1.1e-05,1001519926.46
2024-08-20 04:00:00,1.101e-05,1.141e-05,1.099e-05,1.124e-05,1503956672.23
2024-08-20 08:00:00,1.124e-05,1.13e-05,1.096e-05,1.1e-05,1618589279.97
2024-08-20 12:00:00,1.1e-05,1.126e-05,1.057e-05,1.071e-05,1649224969.66
2024-08-20 16:00:00,1.071e-05,1.104e-05,1.07e-05,1.101e-05,1215189051.3200002
2024-08-20 20:00:00,1.101e-05,1.151e-05,1.098e-05,1.122e-05,1736763717.5400002
2024-08-21 00:00:00,1.122e-05,1.131e-05,1.108e-05,1.114e-05,1558455248.1599998
2024-08-21 04:00:00,1.114e-05,1.17e-05,1.11e-05,1.138e-05,2341440575.21
2024-08-21 08:00:00,1.139e-05,1.139e-05,1.102e-05,1.112e-05,1855534479.41
2024-08-21 12:00:00,1.112e-05,1.133e-05,1.078e-05,1.133e-05,2580826996.32
2024-08-21 16:00:00,1.134e-05,1.17e-05,1.114e-05,1.17e-05,2121446237.78
2024-08-21 20:00:00,1.169e-05,1.179e-05,1.159e-05,1.171e-05,2591865004.7700005
2024-08-22 00:00:00,1.171e-05,1.192e-05,1.152e-05,1.18e-05,2079446777.04
2024-08-22 04:00:00,1.18e-05,1.202e-05,1.177e-05,1.199e-05,1574891158.0200002
2024-08-22 08:00:00,1.199e-05,1.216e-05,1.19e-05,1.209e-05,2008574585.77
2024-08-22 12:00:00,1.209e-05,1.212e-05,1.181e-05,1.19e-05,1679667983.18
2024-08-22 16:00:00,1.19e-05,1.216e-05,1.189e-05,1.196e-05,1653371149.41
2024-08-22 20:00:00,1.196e-05,1.21e-05,1.196e-05,1.205e-05,288854900.25000006
2024-08-23 00:00:00,1.209e-05,1.227e-05,1.198e-05,1.198e-05,763354172.6100001
2024-08-23 04:00:00,1.198e-05,1.229e-05,1.167e-05,1.204e-05,2336690117.26
2024-08-23 08:00:00,1.202e-05,1.217e-05,1.189e-05,1.189e-05,1731673695.94
2024-08-23 12:00:00,1.189e-05,1.244e-05,1.189e-05,1.233e-05,2222221036.63
2024-08-23 16:00:00,1.233e-05,1.346e-05,1.225e-05,1.342e-05,1772152265.95
2024-08-23 20:00:00,1.342e-05,1.456e-05,1.342e-05,1.412e-05,1884826944.97
2024-08-24 00:00:00,1.412e-05,1.473e-05,1.397e-05,1.397e-05,1521921004.7499998
2024-08-24 04:00:00,1.398e-05,1.463e-05,1.374e-05,1.462e-05,1794553004.87
2024-08-24 08:00:00,1.464e-05,1.8e-05,1.463e-05,1.75e-05,5851991726.650002
2024-08-24 12:00:00,1.75e-05,2.043e-05,1.75e-05,1.945e-05,8154708922.370003
2024-08-24 16:00:00,1.948e-05,2.428e-05,1.91e-05,2.352e-05,4991712577.730001
2024-08-24 20:00:00,2.352e-05,2.358e-05,2e-05,2.237e-05,6319289637.460002
2024-08-25 00:00:00,2.235e-05,2.452e-05,2.066e-05,2.234e-05,2733087649.61
2024-08-25 04:00:00,2.238e-05,2.393e-05,2.128e-05,2.203e-05,4652927814.210001
2024-08-25 08:00:00,2.203e-05,2.421e-05,2.151e-05,2.37e-05,3356874138.900001
2024-08-25 12:00:00,2.37e-05,2.825e-05,2.356e-05,2.576e-05,6235991346.77
2024-08-25 16:00:00,2.571e-05,2.82e-05,2.48e-05,2.58e-05,4843830354.81
2024-08-25 20:00:00,2.58e-05,2.821e-05,2.58e-05,2.641e-05,3043485625.8900003
2024-08-26 00:00:00,2.641e-05,2.801e-05,2.586e-05,2.676e-05,3337022274.9600005
2024-08-26 04:00:00,2.676e-05,2.676e-05,2.26e-05,2.36e-05,3918438968.519999
2024-08-26 08:00:00,2.35e-05,2.358e-05,2.117e-05,2.175e-05,4320683753.990001
2024-08-26 12:00:00,2.175e-05,2.191e-05,2.013e-05,2.033e-05,4082412672.2800007
2024-08-26 16:00:00,2.033e-05,2.068e-05,1.79e-05,1.838e-05,2423732363.750001
2024-08-26 20:00:00,1.825e-05,1.89e-05,1.773e-05,1.794e-05,1316691412.9700005
2024-08-27 00:00:00,1.791e-05,2.061e-05,1.774e-05,1.944e-05,2625334999.3400006
2024-08-27 04:00:00,1.944e-05,1.95e-05,1.788e-05,1.794e-05,3384365599.01
2024-08-27 08:00:00,1.794e-05,1.828e-05,1.675e-05,1.678e-05,4170717752.8
2024-08-27 12:00:00,1.678e-05,1.78e-05,1.648e-05,1.705e-05,3514489608.95
2024-08-27 16:00:00,1.705e-05,1.896e-05,1.697e-05,1.86e-05,2844403602.1600003
2024-08-27 20:00:00,1.85e-05,1.851e-05,1.585e-05,1.617e-05,4145364373.28
2024-08-28 00:00:00,1.617e-05,1.661e-05,1.552e-05,1.652e-05,1351657358.2300005
2024-08-28 04:00:00,1.64e-05,1.69e-05,1.604e-05,1.615e-05,2574518220.1200004
2024-08-28 08:00:00,1.615e-05,1.769e-05,1.581e-05,1.74e-05,3005293822.3800006
2024-08-28 12:00:00,1.739e-05,1.82e-05,1.6e-05,1.642e-05,4523709851.440001
2024-08-28 16:00:00,1.642e-05,1.643e-05,1.49e-05,1.585e-05,3886713051.460001
2024-08-28 20:00:00,1.586e-05,1.62e-05,1.54e-05,1.563e-05,1524053015.1700006
2024-08-29 00:00:00,1.56e-05,1.631e-05,1.53e-05,1.631e-05,666380648.8800001
2024-08-29 04:00:00,1.626e-05,1.677e-05,1.587e-05,1.645e-05,773864642.04
2024-08-29 08:00:00,1.641e-05,1.737e-05,1.605e-05,1.651e-05,3800867624.580001
2024-08-29 12:00:00,1.657e-05,1.674e-05,1.607e-05,1.622e-05,2626955699.4700003
2024-08-29 16:00:00,1.622e-05,1.631e-05,1.422e-05,1.48e-05,2203229045.33
2024-08-29 20:00:00,1.48e-05,1.487e-05,1.389e-05,1.426e-05,1907445720.07
2024-08-30 00:00:00,1.426e-05,1.44e-05,1.394e-05,1.409e-05,1214415360.46
2024-08-30 04:00:00,1.414e-05,1.475e-05,1.414e-05,1.456e-05,1650726264.19
2024-08-30 08:00:00,1.456e-05,1.53e-05,1.456e-05,1.512e-05,1449335587.67
2024-08-30 12:00:00,1.512e-05,1.574e-05,1.335e-05,1.356e-05,3154912472.120001
2024-08-30 16:00:00,1.35e-05,1.487e-05,1.344e-05,1.441e-05,2012170605.88
2024-08-30 20:00:00,1.435e-05,1.46e-05,1.4e-05,1.441e-05,1434510769.9699998
2024-08-31 00:00:00,1.441e-05,1.524e-05,1.424e-05,1.512e-05,606801359.1600001
2024-08-31 04:00:00,1.512e-05,1.544e-05,1.497e-05,1.521e-05,1360799615.95
2024-08-31 08:00:00,1.521e-05,1.645e-05,1.491e-05,1.516e-05,2568213387.0800004
2024-08-31 12:00:00,1.516e-05,1.563e-05,1.492e-05,1.553e-05,2018681488.6300004
2024-08-31 16:00:00,1.547e-05,1.547e-05,1.425e-05,1.442e-05,1295926288.06
2024-08-31 20:00:00,1.435e-05,1.465e-05,1.416e-05,1.433e-05,579904041.2
2024-09-01 00:00:00,1.433e-05,1.44e-05,1.365e-05,1.393e-05,948345140.91
2024-09-01 04:00:00,1.393e-05,1.443e-05,1.356e-05,1.432e-05,938592143.9400002
2024-09-01 08:00:00,1.432e-05,1.445e-05,1.412e-05,1.436e-05,572127857.5
2024-09-01 12:00:00,1.436e-05,1.462e-05,1.395e-05,1.445e-05,1069700761.67
2024-09-01 16:00:00,1.451e-05,1.495e-05,1.426e-05,1.482e-05,1403992693.37
2024-09-01 20:00:00,1.482e-05,1.518e-05,1.38e-05,1.397e-05,1109566011.52
2024-09-02 00:00:00,1.397e-05,1.457e-05,1.358e-05,1.446e-05,721756200.26
2024-09-02 04:00:00,1.446e-05,1.446e-05,1.366e-05,1.395e-05,1222351917.93
2024-09-02 08:00:00,1.395e-05,1.511e-05,1.383e-05,1.507e-05,2058190742.8
2024-09-02 12:00:00,1.507e-05,1.508e-05,1.446e-05,1.471e-05,1123219962.69
2024-09-02 16:00:00,1.471e-05,1.53e-05,1.465e-05,1.476e-05,1178998884.71
2024-09-02 20:00:00,1.476e-05,1.541e-05,1.471e-05,1.493e-05,782469732.8900001
2024-09-03 00:00:00,1.492e-05,1.529e-05,1.454e-05,1.462e-05,999447724.3
2024-09-03 04:00:00,1.462e-05,1.464e-05,1.4e-05,1.425e-05,1623883651.9899995
2024-09-03 08:00:00,1.425e-05,1.425e-05,1.353e-05,1.385e-05,2045455257.73
2024-09-03 12:00:00,1.385e-05,1.452e-05,1.34e-05,1.344e-05,2948354264.91
2024-09-03 16:00:00,1.344e-05,1.358e-05,1.306e-05,1.352e-05,1526721340.94
2024-09-03 20:00:00,1.355e-05,1.361e-05,1.289e-05,1.289e-05,706476546.26
2024-09-04 00:00:00,1.289e-05,1.318e-05,1.19e-05,1.291e-05,947682955.9200002
2024-09-04 04:00:00,1.296e-05,1.342e-05,1.27e-05,1.337e-05,430377265.53
2024-09-04 08:00:00,1.342e-05,1.346e-05,1.307e-05,1.318e-05,1490915125.15
2024-09-04 12:00:00,1.318e-05,1.39e-05,1.306e-05,1.39e-05,2426479079.6600003
2024-09-04 16:00:00,1.398e-05,1.477e-05,1.37e-05,1.406e-05,3153560421.930001
2024-09-04 20:00:00,1.406e-05,1.431e-05,1.378e-05,1.4e-05,1006941236.14
2024-09-05 00:00:00,1.4e-05,1.41e-05,1.346e-05,1.356e-05,648353375.29
2024-09-05 04:00:00,1.356e-05,1.405e-05,1.349e-05,1.399e-05,439176739.92
2024-09-05 08:00:00,1.399e-05,1.419e-05,1.383e-05,1.414e-05,1707079941.99
2024-09-05 12:00:00,1.414e-05,1.448e-05,1.372e-05,1.372e-05,1477227329.0900004
2024-09-05 16:00:00,1.372e-05,1.394e-05,1.318e-05,1.329e-05,1868547079.46
2024-09-05 20:00:00,1.329e-05,1.353e-05,1.314e-05,1.328e-05,559663377.09
2024-09-06 00:00:00,1.327e-05,1.395e-05,1.315e-05,1.395e-05,503861911.16
2024-09-06 04:00:00,1.398e-05,1.409e-05,1.328e-05,1.368e-05,1001987572.73
2024-09-06 08:00:00,1.368e-05,1.383e-05,1.352e-05,1.38e-05,2393274771.1400003
2024-09-06 12:00:00,1.38e-05,1.43e-05,1.307e-05,1.338e-05,2139427497.98
2024-09-06 16:00:00,1.338e-05,1.394e-05,1.302e-05,1.319e-05,1154304988.79
2024-09-06 20:00:00,1.319e-05,1.336e-05,1.244e-05,1.336e-05,605683383.96
2024-09-07 00:00:00,1.333e-05,1.365e-05,1.33e-05,1.338e-05,152454554.67
2024-09-07 04:00:00,1.342e-05,1.437e-05,1.327e-05,1.435e-05,696096706.97
2024-09-07 08:00:00,1.433e-05,1.45e-05,1.414e-05,1.441e-05,2488447108.92
2024-09-07 12:00:00,1.44e-05,1.666e-05,1.419e-05,1.554e-05,4893058820.300001
2024-09-07 16:00:00,1.55e-05,1.579e-05,1.437e-05,1.475e-05,2572207230.330001
2024-09-07 20:00:00,1.475e-05,1.475e-05,1.409e-05,1.419e-05,1587925905.31
2024-09-08 00:00:00,1.419e-05,1.522e-05,1.414e-05,1.51e-05,905090425.42
2024-09-08 04:00:00,1.51e-05,1.549e-05,1.471e-05,1.531e-05,824622051.3800001
2024-09-08 08:00:00,1.531e-05,1.549e-05,1.501e-05,1.512e-05,1893143650.28
2024-09-08 12:00:00,1.512e-05,1.55e-05,1.456e-05,1.5e-05,1283489003.6500003
2024-09-08 16:00:00,1.505e-05,1.525e-05,1.472e-05,1.513e-05,633179010.8499999
2024-09-08 20:00:00,1.501e-05,1.551e-05,1.481e-05,1.545e-05,982696094.61
2024-09-09 00:00:00,1.545e-05,1.588e-05,1.493e-05,1.52e-05,1039959313.08
2024-09-09 04:00:00,1.52e-05,1.596e-05,1.513e-05,1.581e-05,1178714288.87
2024-09-09 08:00:00,1.58e-05,1.804e-05,1.569e-05,1.721e-05,4491812273.77
2024-09-09 12:00:00,1.721e-05,1.728e-05,1.635e-05,1.69e-05,4381256209.540001
2024-09-09 16:00:00,1.691e-05,1.885e-05,1.69e-05,1.872e-05,2465477192.170001
2024-09-09 20:00:00,1.874e-05,1.949e-05,1.84e-05,1.855e-05,1409254142.5100002
2024-09-10 00:00:00,1.855e-05,1.884e-05,1.765e-05,1.836e-05,1146820721.76
2024-09-10 04:00:00,1.838e-05,2.06e-05,1.818e-05,1.987e-05,3816543358.330002
2024-09-10 08:00:00,1.99e-05,2.001e-05,1.881e-05,1.931e-05,3067003796.8
2024-09-10 12:00:00,1.932e-05,2.22e-05,1.919e-05,2.072e-05,4977278777.030001
2024-09-10 16:00:00,2.072e-05,2.21e-05,2.028e-05,2.119e-05,4052073183.77
2024-09-10 20:00:00,2.119e-05,2.121e-05,1.935e-05,1.977e-05,3025902149.200001
2024-09-11 00:00:00,1.977e-05,2.026e-05,1.8e-05,1.839e-05,4050584083.7300014
2024-09-11 04:00:00,1.844e-05,1.875e-05,1.766e-05,1.85e-05,3500002920.21
2024-09-11 08:00:00,1.85e-05,1.878e-05,1.767e-05,1.855e-05,1436677236.35
2024-09-11 12:00:00,1.855e-05,1.919e-05,1.72e-05,1.817e-05,2256822203.6000004
2024-09-11 16:00:00,1.817e-05,1.886e-05,1.787e-05,1.857e-05,2307234612.2300005
2024-09-11 20:00:00,1.856e-05,1.858e-05,1.746e-05,1.823e-05,2026035376.3300004
2024-09-12 00:00:00,1.823e-05,1.916e-05,1.814e-05,1.854e-05,1816823852.39
2024-09-12 04:00:00,1.854e-05,1.955e-05,1.821e-05,1.839e-05,2303661331.59
2024-09-12 08:00:00,1.839e-05,1.908e-05,1.76e-05,1.799e-05,2452333952.5800004
2024-09-12 12:00:00,1.799e-05,1.828e-05,1.674e-05,1.707e-05,2399668585.6600003
2024-09-12 16:00:00,1.707e-05,1.863e-05,1.704e-05,1.853e-05,1768173480.3400004
2024-09-12 20:00:00,1.853e-05,1.867e-05,1.758e-05,1.81e-05,1564385624.7000003
2024-09-13 00:00:00,1.81e-05,1.81e-05,1.762e-05,1.776e-05,978009888.28
2024-09-13 04:00:00,1.776e-05,1.785e-05,1.675e-05,1.755e-05,1915306020.04
2024-09-13 08:00:00,1.755e-05,1.806e-05,1.745e-05,1.753e-05,1250223603.29
2024-09-13 12:00:00,1.753e-05,1.857e-05,1.702e-05,1.842e-05,1229643785.4699998
2024-09-13 16:00:00,1.842e-05,1.856e-05,1.787e-05,1.803e-05,1330212241.5400002
2024-09-13 20:00:00,1.805e-05,1.875e-05,1.795e-05,1.833e-05,1375868874.2
2024-09-14 00:00:00,1.833e-05,1.87e-05,1.796e-05,1.821e-05,1369935993.96
2024-09-14 04:00:00,1.821e-05,1.847e-05,1.77e-05,1.778e-05,1229008054.61
2024-09-14 08:00:00,1.778e-05,1.781e-05,1.7e-05,1.716e-05,1810210612.95
2024-09-14 12:00:00,1.716e-05,1.757e-05,1.707e-05,1.74e-05,866804860.96
2024-09-14 16:00:00,1.74e-05,1.74e-05,1.664e-05,1.673e-05,1094733972.29
2024-09-14 20:00:00,1.673e-05,1.687e-05,1.653e-05,1.671e-05,923533037.83
2024-09-15 00:00:00,1.671e-05,1.716e-05,1.668e-05,1.702e-05,759881313.6
2024-09-15 04:00:00,1.702e-05,1.71e-05,1.677e-05,1.701e-05,866699597.72
2024-09-15 08:00:00,1.702e-05,1.709e-05,1.645e-05,1.68e-05,1077137523.21
2024-09-15 12:00:00,1.68e-05,1.736e-05,1.662e-05,1.705e-05,1267034351.97
2024-09-15 16:00:00,1.705e-05,1.718e-05,1.631e-05,1.653e-05,1546831410.4400003
2024-09-15 20:00:00,1.653e-05,1.655e-05,1.531e-05,1.552e-05,1543254299.39
2024-09-16 00:00:00,1.552e-05,1.553e-05,1.487e-05,1.529e-05,1527263810.83
2024-09-16 04:00:00,1.529e-05,1.586e-05,1.52e-05,1.553e-05,1901008346.4300003
2024-09-16 08:00:00,1.553e-05,1.554e-05,1.461e-05,1.522e-05,1738373652.4500003
2024-09-16 12:00:00,1.522e-05,1.549e-05,1.502e-05,1.543e-05,1210518344.66
2024-09-16 16:00:00,1.542e-05,1.542e-05,1.494e-05,1.502e-05,1245188643.54
2024-09-16 20:00:00,1.501e-05,1.528e-05,1.486e-05,1.521e-05,791391293.9000001
2024-09-17 00:00:00,1.521e-05,1.54e-05,1.455e-05,1.528e-05,994385494.78
2024-09-17 04:00:00,1.528e-05,1.612e-05,1.528e-05,1.595e-05,1189375734.3400002
2024-09-17 08:00:00,1.595e-05,1.636e-05,1.567e-05,1.601e-05,2187241023.21
2024-09-17 12:00:00,1.601e-05,1.697e-05,1.559e-05,1.674e-05,2444356011.4400005
2024-09-17 16:00:00,1.674e-05,1.674e-05,1.579e-05,1.599e-05,2174302281.4000006
2024-09-17 20:00:00,1.599e-05,1.607e-05,1.515e-05,1.562e-05,1611331145.01
2024-09-18 00:00:00,1.562e-05,1.607e-05,1.552e-05,1.595e-05,933091429.53
2024-09-18 04:00:00,1.595e-05,1.604e-05,1.56e-05,1.568e-05,958024088.58
2024-09-18 08:00:00,1.568e-05,1.577e-05,1.487e-05,1.495e-05,1328482645.53
2024-09-18 12:00:00,1.495e-05,1.52e-05,1.468e-05,1.488e-05,1127160803.2200005
2024-09-18 16:00:00,1.488e-05,1.563e-05,1.468e-05,1.522e-05,2051908689.6800003
2024-09-18 20:00:00,1.522e-05,1.637e-05,1.501e-05,1.636e-05,1209984964.58
2024-09-19 00:00:00,1.636e-05,1.731e-05,1.627e-05,1.66e-05,1458278699.88
2024-09-19 04:00:00,1.66e-05,1.728e-05,1.652e-05,1.673e-05,1550334994.67
2024-09-19 08:00:00,1.673e-05,1.8e-05,1.629e-05,1.713e-05,2734128454.1000004
2024-09-19 12:00:00,1.713e-05,1.772e-05,1.62e-05,1.719e-05,2933706811.7800007
2024-09-19 16:00:00,1.719e-05,1.78e-05,1.665e-05,1.669e-05,2247243716.7300005
2024-09-19 20:00:00,1.669e-05,1.693e-05,1.589e-05,1.634e-05,2006124427.35
2024-09-20 00:00:00,1.634e-05,1.661e-05,1.531e-05,1.66e-05,1592386182.97
2024-09-20 04:00:00,1.662e-05,1.718e-05,1.652e-05,1.683e-05,1172560866.62
2024-09-20 08:00:00,1.683e-05,1.689e-05,1.558e-05,1.57e-05,1391499814.98
2024-09-20 12:00:00,1.57e-05,1.616e-05,1.5e-05,1.534e-05,2926176441.1400003
2024-09-20 16:00:00,1.535e-05,1.558e-05,1.5e-05,1.546e-05,1375732556.15
2024-09-20 20:00:00,1.546e-05,1.557e-05,1.52e-05,1.544e-05,1296974121.2
2024-09-21 00:00:00,1.544e-05,1.558e-05,1.512e-05,1.516e-05,1099437078.39
2024-09-21 04:00:00,1.516e-05,1.543e-05,1.473e-05,1.542e-05,1778654840.5900002
2024-09-21 08:00:00,1.542e-05,1.582e-05,1.524e-05,1.563e-05,1714306463.12
2024-09-21 12:00:00,1.563e-05,1.578e-05,1.47e-05,1.564e-05,2586737076.88
2024-09-21 16:00:00,1.564e-05,1.605e-05,1.563e-05,1.581e-05,1078369539.23
2024-09-21 20:00:00,1.581e-05,1.619e-05,1.54e-05,1.611e-05,1225570497.4600005
2024-09-22 00:00:00,1.611e-05,1.629e-05,1.541e-05,1.559e-05,1398553453.43
2024-09-22 04:00:00,1.559e-05,1.562e-05,1.51e-05,1.542e-05,1276450103.49
2024-09-22 08:00:00,1.542e-05,1.555e-05,1.485e-05,1.495e-05,1242476063.91
2024-09-22 12:00:00,1.495e-05,1.511e-05,1.468e-05,1.475e-05,1069026619.3
2024-09-22 16:00:00,1.475e-05,1.485e-05,1.449e-05,1.47e-05,1371965487.19
2024-09-22 20:00:00,1.47e-05,1.481e-05,1.372e-05,1.443e-05,1901031934.61
2024-09-23 00:00:00,1.443e-05,1.523e-05,1.406e-05,1.492e-05,1501589714.8000002
2024-09-23 04:00:00,1.492e-05,1.503e-05,1.454e-05,1.479e-05,1372258037.79
2024-09-23 08:00:00,1.479e-05,1.484e-05,1.45e-05,1.461e-05,1336215306.54
2024-09-23 12:00:00,1.461e-05,1.562e-05,1.424e-05,1.55e-05,1901731660.74
2024-09-23 16:00:00,1.55e-05,1.568e-05,1.503e-05,1.531e-05,1421276816.7000003
2024-09-23 20:00:00,1.531e-05,1.548e-05,1.487e-05,1.537e-05,1814073212.3400004
2024-09-24 00:00:00,1.537e-05,1.548e-05,1.451e-05,1.535e-05,1111573645.52
2024-09-24 04:00:00,1.535e-05,1.62e-05,1.512e-05,1.542e-05,1231257184.8100002
2024-09-24 08:00:00,1.542e-05,1.568e-05,1.519e-05,1.536e-05,1066878724.75
2024-09-24 12:00:00,1.536e-05,1.575e-05,1.499e-05,1.506e-05,1904816579.37
2024-09-24 16:00:00,1.506e-05,1.587e-05,1.496e-05,1.585e-05,1366034228.53
2024-09-24 20:00:00,1.585e-05,1.646e-05,1.56e-05,1.612e-05,1379199711.6
2024-09-25 00:00:00,1.612e-05,1.666e-05,1.608e-05,1.652e-05,2176516593.75
2024-09-25 04:00:00,1.656e-05,1.658e-05,1.574e-05,1.599e-05,1443350968.73
2024-09-25 08:00:00,1.599e-05,1.602e-05,1.556e-05,1.591e-05,1720971303.0500002
2024-09-25 12:00:00,1.591e-05,1.674e-05,1.565e-05,1.615e-05,1514652226.1
2024-09-25 16:00:00,1.615e-05,1.623e-05,1.527e-05,1.536e-05,1884934568.9
2024-09-25 20:00:00,1.538e-05,1.559e-05,1.48e-05,1.498e-05,1077912038.07
2024-09-26 00:00:00,1.498e-05,1.519e-05,1.463e-05,1.511e-05,972830037.2
2024-09-26 04:00:00,1.511e-05,1.558e-05,1.497e-05,1.554e-05,1164016782.28
2024-09-26 08:00:00,1.558e-05,1.594e-05,1.523e-05,1.591e-05,1390001005.89
2024-09-26 12:00:00,1.591e-05,1.66e-05,1.562e-05,1.653e-05,1275145447.7
2024-09-26 16:00:00,1.658e-05,1.717e-05,1.652e-05,1.675e-05,2476760832.46
2024-09-26 20:00:00,1.674e-05,1.688e-05,1.594e-05,1.637e-05,1502877931.12
2024-09-27 00:00:00,1.639e-05,1.706e-05,1.621e-05,1.703e-05,1191320235.99
2024-09-27 04:00:00,1.703e-05,1.93e-05,1.702e-05,1.876e-05,3600060325.9000006
2024-09-27 08:00:00,1.876e-05,2.125e-05,1.868e-05,2.022e-05,6620778529.1100025
2024-09-27 12:00:00,2.022e-05,2.21e-05,1.977e-05,2.068e-05,4769776565.370001
2024-09-27 16:00:00,2.068e-05,2.08e-05,1.867e-05,1.874e-05,3233451747.210001
2024-09-27 20:00:00,1.879e-05,1.913e-05,1.826e-05,1.885e-05,1885976413.4300003
2024-09-28 00:00:00,1.885e-05,2.059e-05,1.883e-05,1.984e-05,1335821257.1700003
2024-09-28 04:00:00,1.984e-05,2.009e-05,1.9e-05,1.914e-05,1343414110.5900002
2024-09-28 08:00:00,1.911e-05,2.212e-05,1.859e-05,2.14e-05,2290649191.5800004
2024-09-28 12:00:00,2.14e-05,2.15e-05,1.933e-05,1.941e-05,2433093948.59
2024-09-28 16:00:00,1.941e-05,2.03e-05,1.911e-05,1.961e-05,1971961163.5
2024-09-28 20:00:00,1.961e-05,1.968e-05,1.923e-05,1.937e-05,1225067257.69
2024-09-29 00:00:00,1.937e-05,1.962e-05,1.881e-05,1.939e-05,1018815229.1
2024-09-29 04:00:00,1.939e-05,1.939e-05,1.809e-05,1.812e-05,2108592407.6900003
2024-09-29 08:00:00,1.812e-05,1.837e-05,1.787e-05,1.806e-05,1183806723.6100004
2024-09-29 12:00:00,1.806e-05,1.853e-05,1.724e-05,1.768e-05,2039165999.2300007
2024-09-29 16:00:00,1.768e-05,1.779e-05,1.676e-05,1.753e-05,1761686211.2600002
2024-09-29 20:00:00,1.753e-05,1.797e-05,1.725e-05,1.749e-05,1294609617.2199998
2024-09-30 00:00:00,1.749e-05,1.75e-05,1.652e-05,1.702e-05,1437206000.8300002
2024-09-30 04:00:00,1.702e-05,1.71e-05,1.664e-05,1.692e-05,1160638620.1800003
2024-09-30 08:00:00,1.692e-05,1.692e-05,1.605e-05,1.663e-05,1566218499.5100002
2024-09-30 12:00:00,1.663e-05,1.686e-05,1.617e-05,1.618e-05,1282233496.52
2024-09-30 16:00:00,1.618e-05,1.653e-05,1.615e-05,1.647e-05,1248296025.4700005
2024-09-30 20:00:00,1.649e-05,1.67e-05,1.523e-05,1.566e-05,2521316355.13
2024-10-01 00:00:00,1.566e-05,1.615e-05,1.53e-05,1.615e-05,1189890532.02
2024-10-01 04:00:00,1.62e-05,1.622e-05,1.553e-05,1.594e-05,1897533537.2200005
2024-10-01 08:00:00,1.594e-05,1.616e-05,1.562e-05,1.588e-05,1076261729.0299995
2024-10-01 12:00:00,1.588e-05,1.597e-05,1.377e-05,1.468e-05,3943373678.7300014
2024-10-01 16:00:00,1.468e-05,1.469e-05,1.289e-05,1.388e-05,3532677204.310001
2024-10-01 20:00:00,1.388e-05,1.455e-05,1.332e-05,1.393e-05,1405567399.8
2024-10-02 00:00:00,1.393e-05,1.43e-05,1.364e-05,1.409e-05,1252902747.6
2024-10-02 04:00:00,1.409e-05,1.5e-05,1.398e-05,1.439e-05,1573514949.73
2024-10-02 08:00:00,1.439e-05,1.453e-05,1.328e-05,1.382e-05,1753076184.6200004
2024-10-02 12:00:00,1.382e-05,1.416e-05,1.336e-05,1.407e-05,1448162641.2399998
2024-10-02 16:00:00,1.407e-05,1.428e-05,1.302e-05,1.353e-05,1899084996.51
2024-10-02 20:00:00,1.353e-05,1.385e-05,1.32e-05,1.363e-05,1277882561.5500004
2024-10-03 00:00:00,1.363e-05,1.409e-05,1.346e-05,1.409e-05,1073876007.77
2024-10-03 04:00:00,1.409e-05,1.428e-05,1.351e-05,1.355e-05,1369434390.15
2024-10-03 08:00:00,1.355e-05,1.369e-05,1.296e-05,1.338e-05,1134643973.0700002
2024-10-03 12:00:00,1.338e-05,1.339e-05,1.252e-05,1.298e-05,1672056966.42
2024-10-03 16:00:00,1.298e-05,1.355e-05,1.267e-05,1.348e-05,1902273516.68
2024-10-03 20:00:00,1.348e-05,1.348e-05,1.311e-05,1.317e-05,1007625352.2
2024-10-04 00:00:00,1.317e-05,1.366e-05,1.304e-05,1.343e-05,1080434840.32
2024-10-04 04:00:00,1.343e-05,1.37e-05,1.332e-05,1.348e-05,1211176439.08
2024-10-04 08:00:00,1.348e-05,1.39e-05,1.333e-05,1.355e-05,1929830606.8
2024-10-04 12:00:00,1.355e-05,1.385e-05,1.314e-05,1.38e-05,1842689005.89
2024-10-04 16:00:00,1.38e-05,1.416e-05,1.366e-05,1.398e-05,1496789932.5700002
2024-10-04 20:00:00,1.398e-05,1.409e-05,1.368e-05,1.381e-05,1107428803.64
2024-10-05 00:00:00,1.381e-05,1.433e-05,1.38e-05,1.389e-05,1777433229.5400002
2024-10-05 04:00:00,1.389e-05,1.449e-05,1.389e-05,1.429e-05,1817276558.72
2024-10-05 08:00:00,1.429e-05,1.53e-05,1.423e-05,1.529e-05,1834161762.88
2024-10-05 12:00:00,1.529e-05,1.663e-05,1.529e-05,1.608e-05,2905180403.4600005
2024-10-05 16:00:00,1.606e-05,1.608e-05,1.48e-05,1.487e-05,2341128680.78
2024-10-05 20:00:00,1.487e-05,1.497e-05,1.425e-05,1.477e-05,1463850638.4700005
2024-10-06 00:00:00,1.477e-05,1.569e-05,1.461e-05,1.529e-05,1315547034.9
2024-10-06 04:00:00,1.529e-05,1.544e-05,1.48e-05,1.5e-05,928983813.86
2024-10-06 08:00:00,1.5e-05,1.606e-05,1.491e-05,1.536e-05,1291175199.1599998
2024-10-06 12:00:00,1.529e-05,1.594e-05,1.525e-05,1.573e-05,2866914878.26
2024-10-06 16:00:00,1.573e-05,1.598e-05,1.5e-05,1.551e-05,1387428277.7000003
2024-10-06 20:00:00,1.551e-05,1.559e-05,1.51e-05,1.534e-05,1078762888.23
2024-10-07 00:00:00,1.534e-05,1.599e-05,1.514e-05,1.552e-05,1377127527.7200005
2024-10-07 04:00:00,1.552e-05,1.559e-05,1.481e-05,1.483e-05,2061674915.28
2024-10-07 08:00:00,1.483e-05,1.506e-05,1.418e-05,1.439e-05,2390305227.52
2024-10-07 12:00:00,1.437e-05,1.505e-05,1.426e-05,1.476e-05,2859815462.44
2024-10-07 16:00:00,1.476e-05,1.508e-05,1.437e-05,1.475e-05,2289226805.3500004
2024-10-07 20:00:00,1.475e-05,1.478e-05,1.416e-05,1.423e-05,1661749127.77
2024-10-08 00:00:00,1.423e-05,1.48e-05,1.422e-05,1.469e-05,983051150.76
2024-10-08 04:00:00,1.469e-05,1.476e-05,1.421e-05,1.445e-05,2542405418.390001
2024-10-08 08:00:00,1.445e-05,1.447e-05,1.41e-05,1.426e-05,1106926921.08
2024-10-08 12:00:00,1.426e-05,1.432e-05,1.357e-05,1.373e-05,1208294934.0800002
2024-10-08 16:00:00,1.373e-05,1.395e-05,1.356e-05,1.381e-05,1392533314.9
2024-10-08 20:00:00,1.381e-05,1.399e-05,1.364e-05,1.378e-05,1651563983.49
2024-10-09 00:00:00,1.378e-05,1.407e-05,1.371e-05,1.392e-05,1026838722.48
2024-10-09 04:00:00,1.389e-05,1.409e-05,1.37e-05,1.373e-05,1200950077.17
2024-10-09 08:00:00,1.373e-05,1.387e-05,1.361e-05,1.387e-05,1073312756.3
2024-10-09 12:00:00,1.386e-05,1.402e-05,1.327e-05,1.397e-05,1718762085.87
2024-10-09 16:00:00,1.397e-05,1.448e-05,1.376e-05,1.391e-05,2325710262.1500006
2024-10-09 20:00:00,1.391e-05,1.391e-05,1.3e-05,1.309e-05,2107013352.07
2024-10-10 00:00:00,1.309e-05,1.376e-05,1.287e-05,1.363e-05,1540936665.3100002
2024-10-10 04:00:00,1.363e-05,1.458e-05,1.363e-05,1.433e-05,1737780500.2199998
2024-10-10 08:00:00,1.434e-05,1.44e-05,1.372e-05,1.425e-05,1590359768.0500002
2024-10-10 12:00:00,1.43e-05,1.43e-05,1.372e-05,1.408e-05,373867244.5400001
2024-10-10 16:00:00,1.409e-05,1.409e-05,1.307e-05,1.392e-05,1396910090.81
2024-10-10 20:00:00,1.38e-05,1.429e-05,1.373e-05,1.419e-05,91456793.55
2024-10-11 00:00:00,1.429e-05,1.467e-05,1.418e-05,1.44e-05,468963780.31
2024-10-11 04:00:00,1.441e-05,1.442e-05,1.402e-05,1.402e-05,48275748.56
2024-10-11 08:00:00,1.417e-05,1.434e-05,1.403e-05,1.412e-05,124200567.83000004
2024-10-11 12:00:00,1.417e-05,1.501e-05,1.417e-05,1.47e-05,449136485.61
2024-10-11 16:00:00,1.468e-05,1.524e-05,1.46e-05,1.497e-05,227933175.11
2024-10-11 20:00:00,1.493e-05,1.505e-05,1.421e-05,1.478e-05,853196653.5200001
2024-10-12 00:00:00,1.49e-05,1.562e-05,1.47e-05,1.496e-05,624901721.48
2024-10-12 04:00:00,1.499e-05,1.565e-05,1.499e-05,1.559e-05,261186590.03000003
2024-10-12 08:00:00,1.565e-05,1.75e-05,1.538e-05,1.684e-05,3216446855.47
2024-10-12 12:00:00,1.699e-05,1.777e-05,1.655e-05,1.675e-05,1211775928.73
2024-10-12 16:00:00,1.675e-05,1.699e-05,1.581e-05,1.581e-05,878420452.5099994
2024-10-12 20:00:00,1.584e-05,1.609e-05,1.535e-05,1.55e-05,464728067.00000006
2024-10-13 00:00:00,1.55e-05,1.556e-05,1.473e-05,1.478e-05,231601808.30000007
2024-10-13 04:00:00,1.48e-05,1.525e-05,1.48e-05,1.512e-05,396406696.74000007
2024-10-13 08:00:00,1.517e-05,1.551e-05,1.488e-05,1.5e-05,836485527.26
2024-10-13 12:00:00,1.505e-05,1.55e-05,1.439e-05,1.456e-05,957615112.28
2024-10-13 16:00:00,1.45e-05,1.48e-05,1.416e-05,1.436e-05,679323123.3600001
2024-10-13 20:00:00,1.425e-05,1.495e-05,1.425e-05,1.47e-05,78847306.01
2024-10-14 00:00:00,1.48e-05,1.542e-05,1.45e-05,1.542e-05,260589520.61000013
2024-10-14 04:00:00,1.545e-05,1.58e-05,1.501e-05,1.545e-05,1045580355.95
2024-10-14 08:00:00,1.543e-05,1.549e-05,1.51e-05,1.53e-05,249633164.75
2024-10-14 12:00:00,1.529e-05,1.571e-05,1.487e-05,1.55e-05,1291811775.9099998
2024-10-14 16:00:00,1.54e-05,1.79e-05,1.525e-05,1.625e-05,2532984924.4500003
2024-10-14 20:00:00,1.63e-05,1.672e-05,1.6e-05,1.658e-05,182413442.47
2024-10-15 00:00:00,1.663e-05,1.711e-05,1.573e-05,1.575e-05,717387989.6700001
2024-10-15 04:00:00,1.572e-05,1.592e-05,1.53e-05,1.58e-05,326336092.1
2024-10-15 08:00:00,1.576e-05,1.597e-05,1.446e-05,1.48e-05,1598168807.4900002
2024-10-15 12:00:00,1.48e-05,1.558e-05,1.437e-05,1.463e-05,404751376.11
2024-10-15 16:00:00,1.45e-05,1.48e-05,1.436e-05,1.462e-05,796320966.7
2024-10-15 20:00:00,1.462e-05,1.468e-05,1.418e-05,1.428e-05,713878857.34
2024-10-16 00:00:00,1.429e-05,1.444e-05,1.4e-05,1.421e-05,397710447.6400001
2024-10-16 04:00:00,1.419e-05,1.429e-05,1.373e-05,1.373e-05,355995448.42999995
2024-10-16 08:00:00,1.378e-05,1.438e-05,1.378e-05,1.43e-05,456355981.27
2024-10-16 12:00:00,1.421e-05,1.427e-05,1.361e-05,1.372e-05,588559098.5200001
2024-10-16 16:00:00,1.382e-05,1.399e-05,1.346e-05,1.379e-05,850436182.0100002
2024-10-16 20:00:00,1.373e-05,1.41e-05,1.368e-05,1.39e-05,274769677.0300001
2024-10-17 00:00:00,1.4e-05,1.422e-05,1.4e-05,1.402e-05,124295306.55
2024-10-17 04:00:00,1.39e-05,1.418e-05,1.35e-05,1.363e-05,974986746.91
2024-10-17 08:00:00,1.364e-05,1.376e-05,1.318e-05,1.344e-05,636713770.12
2024-10-17 12:00:00,1.339e-05,1.403e-05,1.339e-05,1.392e-05,544228882.4200001
2024-10-17 16:00:00,1.385e-05,1.387e-05,1.32e-05,1.341e-05,1214244145.58
2024-10-17 20:00:00,1.34e-05,1.368e-05,1.34e-05,1.356e-05,249823396.78
2024-10-18 00:00:00,1.358e-05,1.39e-05,1.358e-05,1.364e-05,429265604.41000015
2024-10-18 04:00:00,1.367e-05,1.4e-05,1.365e-05,1.388e-05,666812977.5400001
2024-10-18 08:00:00,1.39e-05,1.393e-05,9.73e-06,1.064e-05,11023872826.750002
2024-10-18 12:00:00,1.06e-05,1.126e-05,1.026e-05,1.1e-05,4985205662.580001
2024-10-18 16:00:00,1.089e-05,1.119e-05,1.072e-05,1.092e-05,675455141.5300001
2024-10-18 20:00:00,1.09e-05,1.174e-05,1.068e-05,1.15e-05,2232308706.73
2024-10-19 00:00:00,1.143e-05,1.168e-05,1.135e-05,1.156e-05,334388545.16
2024-10-19 04:00:00,1.144e-05,1.146e-05,1.126e-05,1.129e-05,470368146.93000007
2024-10-19 08:00:00,1.131e-05,1.138e-05,1.094e-05,1.098e-05,952706193.91
2024-10-19 12:00:00,1.094e-05,1.14e-05,1.083e-05,1.123e-05,629091739.3000001
2024-10-19 16:00:00,1.12e-05,1.137e-05,1.093e-05,1.106e-05,182592568.34
2024-10-19 20:00:00,1.113e-05,1.139e-05,1.112e-05,1.133e-05,381688803.55
2024-10-20 00:00:00,1.133e-05,1.169e-05,1.111e-05,1.111e-05,586411532.52
2024-10-20 04:00:00,1.12e-05,1.134e-05,1.117e-05,1.125e-05,153837888.78000003
2024-10-20 08:00:00,1.127e-05,1.133e-05,1.091e-05,1.106e-05,1781203369.97
2024-10-20 12:00:00,1.106e-05,1.136e-05,1.089e-05,1.135e-05,642181608.67
2024-10-20 16:00:00,1.14e-05,1.16e-05,1.13e-05,1.13e-05,208877076.42
2024-10-20 20:00:00,1.13e-05,1.219e-05,1.1e-05,1.212e-05,446102427.9400001
2024-10-21 00:00:00,1.22e-05,1.234e-05,1.141e-05,1.146e-05,109621777.17
2024-10-21 04:00:00,1.141e-05,1.167e-05,1.091e-05,1.136e-05,1725680047.6599998
2024-10-21 08:00:00,1.132e-05,1.359e-05,1.119e-05,1.212e-05,4342322039.56
2024-10-21 12:00:00,1.211e-05,1.321e-05,1.151e-05,1.175e-05,5191816269.880001
2024-10-21 16:00:00,1.172e-05,1.223e-05,1.15e-05,1.213e-05,2426718270.98
2024-10-21 20:00:00,1.214e-05,1.23e-05,1.2e-05,1.224e-05,1062527165.29
2024-10-22 00:00:00,1.226e-05,1.255e-05,1.191e-05,1.226e-05,935730273.4
2024-10-22 04:00:00,1.223e-05,1.226e-05,1.179e-05,1.187e-05,1959937001.39
2024-10-22 08:00:00,1.189e-05,1.282e-05,1.145e-05,1.19e-05,10639497223.46
2024-10-22 12:00:00,1.184e-05,1.206e-05,1.13e-05,1.131e-05,2031099461.8800004
2024-10-22 16:00:00,1.13e-05,1.132e-05,1.106e-05,1.124e-05,2190956069.32
2024-10-22 20:00:00,1.117e-05,1.125e-05,1.102e-05,1.112e-05,8776786902.86
2024-10-23 00:00:00,1.112e-05,1.125e-05,1.101e-05,1.107e-05,2435734984.33
2024-10-23 04:00:00,1.107e-05,1.131e-05,1.102e-05,1.124e-05,1696209979.0
2024-10-23 08:00:00,1.115e-05,1.124e-05,1.065e-05,1.1e-05,3955829111.000001
2024-10-23 12:00:00,1.099e-05,1.11e-05,1.078e-05,1.096e-05,1608409295.3400002
2024-10-23 16:00:00,1.094e-05,1.111e-05,1.07e-05,1.109e-05,3100514684.4000006
2024-10-23 20:00:00,1.11e-05,1.141e-05,1.077e-05,1.115e-05,5168286734.52
2024-10-24 00:00:00,1.117e-05,1.15e-05,1.11e-05,1.128e-05,1502592398.3300002
2024-10-24 04:00:00,1.129e-05,1.138e-05,1.105e-05,1.11e-05,2325068875.54
2024-10-24 08:00:00,1.106e-05,1.119e-05,1.095e-05,1.106e-05,2502179907.7000003
2024-10-24 12:00:00,1.104e-05,1.118e-05,1.057e-05,1.115e-05,2075233445.2100005
2024-10-24 16:00:00,1.114e-05,1.117e-05,1.033e-05,1.099e-05,3664491791.240001
2024-10-24 20:00:00,1.098e-05,1.106e-05,1.086e-05,1.096e-05,2365086777.13
2024-10-25 00:00:00,1.097e-05,1.105e-05,1.085e-05,1.095e-05,1692468277.3000002
2024-10-25 04:00:00,1.097e-05,1.097e-05,1.065e-05,1.074e-05,3861451084.51
2024-10-25 08:00:00,1.075e-05,1.088e-05,1.05e-05,1.081e-05,2526372519.4300003
2024-10-25 12:00:00,1.08e-05,1.093e-05,1.05e-05,1.075e-05,1875333565.01
2024-10-25 16:00:00,1.076e-05,1.095e-05,9.96e-06,1.038e-05,3352064831.34
2024-10-25 20:00:00,1.037e-05,1.047e-05,9.02e-06,9.58e-06,8761219000.740002
2024-10-26 00:00:00,9.58e-06,9.81e-06,9.48e-06,9.77e-06,2386689825.36
2024-10-26 04:00:00,9.75e-06,9.971e-06,9.7e-06,9.96e-06,2030019154.0200005
2024-10-26 08:00:00,9.95e-06,1.052e-05,9.917e-06,1.016e-05,3521483959.49
2024-10-26 12:00:00,1.015e-05,1.02e-05,9.93e-06,9.98e-06,1669991477.61
2024-10-26 16:00:00,9.97e-06,1.0299e-05,9.93e-06,1.016e-05,3422793518.520001
2024-10-26 20:00:00,1.017e-05,1.025e-05,1.0037e-05,1.016e-05,2682689580.1400003
2024-10-27 00:00:00,1.017e-05,1.019e-05,9.973e-06,1.011e-05,1744241260.15
2024-10-27 04:00:00,1.013e-05,1.0411e-05,1e-05,1.041e-05,3660124991.870001
2024-10-27 08:00:00,1.041e-05,1.058e-05,1.029e-05,1.044e-05,2972876777.140002
2024-10-27 12:00:00,1.045e-05,1.0943e-05,1.044e-05,1.089e-05,2211620996.05
2024-10-27 16:00:00,1.0891e-05,1.0891e-05,1.05e-05,1.069e-05,1375967886.5800002
2024-10-27 20:00:00,1.07e-05,1.0887e-05,1.0615e-05,1.081e-05,2071971842.4
2024-10-28 00:00:00,1.081e-05,1.0829e-05,1.0382e-05,1.0447e-05,3454562946.120001
2024-10-28 04:00:00,1.0448e-05,1.0583e-05,1.0188e-05,1.0481e-05,2021387943.4300003
2024-10-28 08:00:00,1.048e-05,1.09e-05,1.0402e-05,1.0509e-05,3866299554.64
2024-10-28 12:00:00,1.051e-05,1.1e-05,1.0163e-05,1.0177e-05,6082288138.920001
2024-10-28 16:00:00,1.0163e-05,1.0599e-05,1.0073e-05,1.0383e-05,5355558730.940002
2024-10-28 20:00:00,1.0381e-05,1.0523e-05,1.0231e-05,1.0427e-05,1781295838.33
2024-10-29 00:00:00,1.043e-05,1.0666e-05,1.0301e-05,1.0631e-05,2355125746.2200003
2024-10-29 04:00:00,1.064e-05,1.078e-05,1.044e-05,1.0505e-05,1600118577.03
2024-10-29 08:00:00,1.0524e-05,1.0717e-05,1.0426e-05,1.0508e-05,2181019018.42
2024-10-29 12:00:00,1.0507e-05,1.0545e-05,1.0233e-05,1.0396e-05,1482457865.89
2024-10-29 16:00:00,1.0409e-05,1.0644e-05,1.029e-05,1.0333e-05,2913467352.1200004
2024-10-29 20:00:00,1.0337e-05,1.045e-05,1.0122e-05,1.033e-05,2466254100.0200005
2024-10-30 00:00:00,1.0335e-05,1.0419e-05,1.021e-05,1.0343e-05,1480193803.44
2024-10-30 04:00:00,1.0344e-05,1.0433e-05,1.01e-05,1.027e-05,1534519471.15
2024-10-30 08:00:00,1.0271e-05,1.0387e-05,9.917e-06,9.991e-06,2627438610.57
2024-10-30 12:00:00,9.996e-06,1.0105e-05,9.874e-06,1.0026e-05,1885614179.58
2024-10-30 16:00:00,1.0027e-05,1.0098e-05,9.886e-06,1.0038e-05,1990861968.5
2024-10-30 20:00:00,1.0034e-05,1.0222e-05,1e-05,1.0135e-05,3523467772.4400005
2024-10-31 00:00:00,1.0134e-05,1.0174e-05,9.95e-06,1.002e-05,1694390143.81
2024-10-31 04:00:00,1.0022e-05,1.0075e-05,9.933e-06,1.0073e-05,1465178032.8200002
2024-10-31 08:00:00,1.0075e-05,1.017e-05,9.974e-06,1.0004e-05,2946304903.53
2024-10-31 12:00:00,1e-05,1.0028e-05,9.346e-06,9.64e-06,2431718259.2100005
2024-10-31 16:00:00,9.646e-06,9.729e-06,9.49e-06,9.546e-06,1543225676.23
2024-10-31 20:00:00,9.547e-06,9.673e-06,9.502e-06,9.589e-06,1791688126.1200004
2024-11-01 00:00:00,9.565e-06,9.64e-06,9.318e-06,9.445e-06,1793941592.56
2024-11-01 04:00:00,9.447e-06,9.536e-06,9.3e-06,9.418e-06,2096007607.05
2024-11-01 08:00:00,9.419e-06,9.658e-06,9.036e-06,9.595e-06,1881260971.88
2024-11-01 12:00:00,9.576e-06,9.75e-06,9.1e-06,9.25e-06,2125879490.73
2024-11-01 16:00:00,9.245e-06,9.41e-06,9.18e-06,9.34e-06,1982509946.25
2024-11-01 20:00:00,9.336e-06,9.406e-06,9.294e-06,9.319e-06,1431001104.63
2024-11-02 00:00:00,9.317e-06,9.392e-06,9.23e-06,9.351e-06,1588375931.66
2024-11-02 04:00:00,9.35e-06,9.36e-06,9.156e-06,9.258e-06,1776063091.37
2024-11-02 08:00:00,9.26e-06,9.45e-06,9.135e-06,9.215e-06,2102133881.4200008
2024-11-02 12:00:00,9.213e-06,9.585e-06,9.179e-06,9.367e-06,2510216671.2000003
2024-11-02 16:00:00,9.368e-06,9.424e-06,9.283e-06,9.31e-06,1291518076.98
2024-11-02 20:00:00,9.312e-06,9.661e-06,9.309e-06,9.539e-06,2119455592.39
2024-11-03 00:00:00,9.536e-06,9.583e-06,9.174e-06,9.21e-06,1755054430.2400002
2024-11-03 04:00:00,9.21e-06,9.36e-06,9.203e-06,9.3e-06,2040868549.0
2024-11-03 08:00:00,9.298e-06,9.397e-06,9.218e-06,9.328e-06,2270750759.08
2024-11-03 12:00:00,9.34e-06,9.346e-06,8.417e-06,8.796e-06,5054602339.210001
2024-11-03 16:00:00,8.8e-06,9.081e-06,8.756e-06,8.91e-06,6215208099.640001
2024-11-03 20:00:00,8.913e-06,9.05e-06,8.88e-06,8.886e-06,2623623837.7
2024-11-04 00:00:00,8.886e-06,9.092e-06,8.88e-06,8.928e-06,3793712737.97
2024-11-04 04:00:00,8.934e-06,9.117e-06,8.79e-06,8.85e-06,13319007727.54
2024-11-04 08:00:00,8.839e-06,8.899e-06,8.563e-06,8.816e-06,3252515943.980001
2024-11-04 12:00:00,8.828e-06,8.886e-06,8.556e-06,8.606e-06,1474733398.0900002
2024-11-04 16:00:00,8.605e-06,8.67e-06,8.212e-06,8.314e-06,5838257160.200003
2024-11-04 20:00:00,8.316e-06,8.435e-06,7.445e-06,7.972e-06,9353000335.260002
2024-11-05 00:00:00,7.982e-06,8.178e-06,7.978e-06,8.142e-06,1717929048.3200002
2024-11-05 04:00:00,8.141e-06,8.374e-06,8.121e-06,8.357e-06,1396325946.99
2024-11-05 08:00:00,8.358e-06,8.546e-06,8.274e-06,8.316e-06,4703675565.040001
2024-11-05 12:00:00,8.317e-06,8.814e-06,8.115e-06,8.16e-06,2444651135.76
2024-11-05 16:00:00,8.157e-06,8.529e-06,8.078e-06,8.091e-06,1902221427.34
2024-11-05 20:00:00,8.088e-06,8.253e-06,8.067e-06,8.172e-06,1450216401.1799998
2024-11-06 00:00:00,8.174e-06,8.826e-06,8.169e-06,8.776e-06,2209899577.01
2024-11-06 04:00:00,8.778e-06,9.167e-06,8.641e-06,8.729e-06,2495546307.5000005
2024-11-06 08:00:00,8.728e-06,8.8e-06,8.537e-06,8.743e-06,1555489639.9700005
2024-11-06 12:00:00,8.74e-06,9.477e-06,8.73e-06,8.839e-06,3153597437.69
2024-11-06 16:00:00,8.837e-06,9.12e-06,8.81e-06,8.997e-06,1370797487.23
2024-11-06 20:00:00,9.025e-06,9.318e-06,8.6e-06,9.098e-06,2061869373.4200003
2024-11-07 00:00:00,9.097e-06,9.72e-06,8.964e-06,9.498e-06,1717205346.4700005
2024-11-07 04:00:00,9.494e-06,9.54e-06,9.08e-06,9.196e-06,1823179262.3500004
2024-11-07 08:00:00,9.197e-06,9.312e-06,8.957e-06,8.959e-06,1669689166.61
2024-11-07 12:00:00,8.96e-06,9.499e-06,8.924e-06,9.334e-06,1502583127.6800003
2024-11-07 16:00:00,9.332e-06,9.715e-06,9.135e-06,9.591e-06,2573811550.6000004
2024-11-07 20:00:00,9.591e-06,9.677e-06,9.394e-06,9.415e-06,2023574031.2500005
2024-11-08 00:00:00,9.419e-06,9.614e-06,9.078e-06,9.149e-06,1726812855.9500003
2024-11-08 04:00:00,9.153e-06,9.3e-06,9.136e-06,9.21e-06,1507803693.44
2024-11-08 08:00:00,9.207e-06,9.549e-06,9.18e-06,9.376e-06,4432665080.680001
2024-11-08 12:00:00,9.378e-06,9.434e-06,9.17e-06,9.234e-06,2536876477.440001
2024-11-08 16:00:00,9.234e-06,9.261e-06,8.989e-06,9.142e-06,2271593312.370001
2024-11-08 20:00:00,9.143e-06,9.45e-06,9.139e-06,9.344e-06,2851013873.2700005
2024-11-09 00:00:00,9.342e-06,9.382e-06,9.19e-06,9.337e-06,1301216351.78
2024-11-09 04:00:00,9.342e-06,9.44e-06,9.198e-06,9.249e-06,1967651062.6500003
2024-11-09 08:00:00,9.25e-06,1.1493e-05,9.227e-06,1.1048e-05,4929513143.790001
2024-11-09 12:00:00,1.1047e-05,1.13e-05,1.0006e-05,1.0437e-05,2624084861.0900006
2024-11-09 16:00:00,1.0435e-05,1.1215e-05,1.013e-05,1.0608e-05,2760501075.0700006
2024-11-09 20:00:00,1.0587e-05,1.1088e-05,1.05e-05,1.0975e-05,3409970710.7200017
2024-11-10 00:00:00,1.0976e-05,1.1323e-05,1.0947e-05,1.1188e-05,1758871882.2200005
2024-11-10 04:00:00,1.1187e-05,1.1636e-05,1.0987e-05,1.1178e-05,2091027090.74
2024-11-10 08:00:00,1.1175e-05,1.1182e-05,1.078e-05,1.0911e-05,3015827178.000001
2024-11-10 12:00:00,1.0908e-05,1.1048e-05,1.0496e-05,1.0966e-05,3532118250.670001
2024-11-10 16:00:00,1.0971e-05,1.221e-05,1.0124e-05,1.1019e-05,6091592313.1500025
2024-11-10 20:00:00,1.105e-05,1.111e-05,1.03e-05,1.0841e-05,4734927997.540002
2024-11-11 00:00:00,1.0839e-05,1.0932e-05,9.885e-06,1.0023e-05,2773955423.500001
2024-11-11 04:00:00,1.0025e-05,1.0032e-05,9.793e-06,1.001e-05,1668373216.97
2024-11-11 08:00:00,1.0013e-05,1.062e-05,1.0013e-05,1.0512e-05,2467592290.6800003
2024-11-11 12:00:00,1.0513e-05,1.0695e-05,1.0276e-05,1.0603e-05,2307540828.49
2024-11-11 16:00:00,1.0601e-05,1.0684e-05,1.0452e-05,1.0469e-05,2094397291.88
2024-11-11 20:00:00,1.0475e-05,1.16e-05,1e-05,1.1187e-05,3920084508.460001
2024-11-12 00:00:00,1.1193e-05,1.1219e-05,1.05e-05,1.0668e-05,2000906548.31
2024-11-12 04:00:00,1.067e-05,1.0768e-05,1.0286e-05,1.0569e-05,3026655218.160001
2024-11-12 08:00:00,1.0572e-05,1.0843e-05,9.988e-06,1e-05,3105306152.83
2024-11-12 12:00:00,9.988e-06,1.01e-05,9.361e-06,9.757e-06,2653132004.8200006
2024-11-12 16:00:00,9.774e-06,1.0098e-05,9.446e-06,9.898e-06,6839137788.070004
2024-11-12 20:00:00,9.895e-06,9.96e-06,9.714e-06,9.773e-06,2448456811.2900004
2024-11-13 00:00:00,9.772e-06,9.827e-06,9.533e-06,9.658e-06,1570828390.1200004
2024-11-13 04:00:00,9.661e-06,9.8e-06,9.563e-06,9.73e-06,1514523564.3000002
2024-11-13 08:00:00,9.728e-06,9.881e-06,9.659e-06,9.722e-06,1593681003.6500006
2024-11-13 12:00:00,9.726e-06,1.0218e-05,9.58e-06,1.016e-05,6116748394.580003
2024-11-13 16:00:00,1.015e-05,1.0784e-05,9.6e-06,9.657e-06,2942515542.200001
2024-11-13 20:00:00,9.658e-06,2.63e-05,9.481e-06,2.2769e-05,37442460733.87002
2024-11-14 00:00:00,2.2702e-05,3.8721e-05,1.8379e-05,2.3456e-05,31649773386.320007
2024-11-14 04:00:00,2.3455e-05,2.8868e-05,1.9913e-05,2.3599e-05,10736995653.000006
2024-11-14 08:00:00,2.3623e-05,2.9898e-05,2.3001e-05,2.542e-05,13138245683.570007
2024-11-14 12:00:00,2.5429e-05,2.7414e-05,2.2477e-05,2.2535e-05,7822320793.480004
2024-11-14 16:00:00,2.2581e-05,2.7989e-05,2.2042e-05,2.5405e-05,8992654703.790005
2024-11-14 20:00:00,2.5473e-05,2.6006e-05,2.28e-05,2.5128e-05,4823416891.620002
2024-11-15 00:00:00,2.511e-05,2.72e-05,2.4016e-05,2.467e-05,4580181637.760001
2024-11-15 04:00:00,2.4671e-05,2.6054e-05,2.3155e-05,2.4397e-05,3339835059.9700017
2024-11-15 08:00:00,2.4448e-05,2.5429e-05,2.3423e-05,2.3792e-05,2446751673.57
2024-11-15 12:00:00,2.364e-05,3.2419e-05,2.3426e-05,2.4601e-05,8244324498.98
2024-11-15 16:00:00,2.4625e-05,2.546e-05,2.4352e-05,2.467e-05,1498202954.77
2024-11-15 20:00:00,2.47e-05,2.6017e-05,2.4352e-05,2.4927e-05,2452360639.9400005
2024-11-16 00:00:00,2.4918e-05,2.5767e-05,2.3379e-05,2.5197e-05,2705056823.51
2024-11-16 04:00:00,2.5198e-05,2.5427e-05,2.4553e-05,2.4654e-05,773907795.41
2024-11-16 08:00:00,2.4787e-05,2.514e-05,2.3635e-05,2.419e-05,1962920351.9300013
2024-11-16 12:00:00,2.4195e-05,2.4385e-05,2.1456e-05,2.1812e-05,1728862680.3200006
2024-11-16 16:00:00,2.1821e-05,2.1975e-05,2.0141e-05,2.0221e-05,2331168333.9400005
2024-11-16 20:00:00,2.0221e-05,2.06e-05,1.9002e-05,1.9932e-05,1889196881.8600008
2024-11-17 00:00:00,1.9973e-05,2.103e-05,1.9051e-05,1.9954e-05,2591600175.24
2024-11-17 04:00:00,1.9957e-05,2.7123e-05,1.9956e-05,2.7108e-05,3927295653.2500014
2024-11-17 08:00:00,2.711e-05,2.8236e-05,2.486e-05,2.5052e-05,4985243960.430003
2024-11-17 12:00:00,2.5046e-05,2.6199e-05,2.4737e-05,2.6011e-05,1545056207.7200005
2024-11-17 16:00:00,2.5925e-05,2.6169e-05,2.5127e-05,2.5745e-05,1203381789.11
2024-11-17 20:00:00,2.5747e-05,2.6106e-05,2.4879e-05,2.5037e-05,1309462853.19
2024-11-18 00:00:00,2.5062e-05,2.6093e-05,2.4685e-05,2.6039e-05,978778030.9000002
2024-11-18 04:00:00,2.6063e-05,2.635e-05,2.5607e-05,2.5771e-05,712812975.4300001
2024-11-18 08:00:00,2.5769e-05,2.6323e-05,2.5403e-05,2.5585e-05,1209955618.4000006
2024-11-18 12:00:00,2.559e-05,2.6726e-05,2.5006e-05,2.5315e-05,1374686069.5200005
2024-11-18 16:00:00,2.5208e-05,2.6002e-05,2.3823e-05,2.4021e-05,1967373668.220002
2024-11-18 20:00:00,2.4026e-05,2.5727e-05,2.3792e-05,2.441e-05,1436672079.4200006
2024-11-19 00:00:00,2.4398e-05,2.5718e-05,2.4e-05,2.5441e-05,1109911529.0600004
2024-11-19 04:00:00,2.5436e-05,2.6998e-05,2.5417e-05,2.6993e-05,1521982787.0900004
2024-11-19 08:00:00,2.6876e-05,2.973e-05,2.6513e-05,2.8451e-05,3136517644.210001
2024-11-19 12:00:00,2.8465e-05,2.91e-05,2.592e-05,2.7062e-05,2562899032.840001
2024-11-19 16:00:00,2.7065e-05,2.9567e-05,2.7065e-05,2.7888e-05,1889078996.820001
2024-11-19 20:00:00,2.805e-05,2.8335e-05,2.644e-05,2.7168e-05,1858989912.8700008
2024-11-20 00:00:00,2.717e-05,2.7879e-05,2.7131e-05,2.7399e-05,1049187423.09
2024-11-20 04:00:00,2.7392e-05,3.1321e-05,2.7e-05,3.1116e-05,1677703376.7100005
2024-11-20 08:00:00,3.1216e-05,3.8e-05,3.1012e-05,3.3886e-05,5495991282.490003
2024-11-20 12:00:00,3.3869e-05,3.8494e-05,3.2539e-05,3.6515e-05,3717569545.330002
2024-11-20 16:00:00,3.6533e-05,3.7021e-05,3.3e-05,3.328e-05,3059075462.750001
2024-11-20 20:00:00,3.305e-05,3.786e-05,3.2731e-05,3.6858e-05,2022958349.0100007
2024-11-21 00:00:00,3.6857e-05,3.9318e-05,3.4692e-05,3.7725e-05,1597622465.6600003
2024-11-21 04:00:00,3.7476e-05,5.5499e-05,3.7e-05,5.2099e-05,12640185447.710009
2024-11-21 08:00:00,5.1998e-05,5.7e-05,3.5277e-05,3.8984e-05,16069882223.970009
2024-11-21 12:00:00,3.8985e-05,4.9773e-05,1.666e-05,1.7786e-05,37766565266.860016
2024-11-21 16:00:00,1.7786e-05,2.1688e-05,1.5555e-05,1.8475e-05,37424703305.99001
2024-11-21 20:00:00,1.8475e-05,1.9001e-05,1.7e-05,1.8242e-05,4876684007.390002
2024-11-22 00:00:00,1.8243e-05,1.866e-05,1.69e-05,1.8392e-05,3461006231.660001
2024-11-22 04:00:00,1.8398e-05,1.8495e-05,1.5883e-05,1.6784e-05,6009440196.540002
2024-11-22 08:00:00,1.6784e-05,1.6908e-05,1.6008e-05,1.6424e-05,4064434768.7700014
2024-11-22 12:00:00,1.6425e-05,1.6517e-05,1.4164e-05,1.4997e-05,6305903404.730001
2024-11-22 16:00:00,1.4997e-05,1.4998e-05,1.38e-05,1.4787e-05,4884495778.570001
2024-11-22 20:00:00,1.4788e-05,1.521e-05,1.4135e-05,1.4905e-05,2893199020.6000004
2024-11-23 00:00:00,1.4901e-05,1.6e-05,1.4156e-05,1.4592e-05,2832001379.94
2024-11-23 04:00:00,1.4598e-05,1.6801e-05,1.4332e-05,1.551e-05,3111834739.1900005
2024-11-23 08:00:00,1.551e-05,1.578e-05,1.4702e-05,1.5595e-05,2566962993.2400007
2024-11-23 12:00:00,1.5595e-05,1.6098e-05,1.4806e-05,1.4809e-05,2492053560.320001
2024-11-23 16:00:00,1.4842e-05,1.5095e-05,1.45e-05,1.4642e-05,2095453854.2200007
2024-11-23 20:00:00,1.464e-05,1.4758e-05,1.4272e-05,1.4516e-05,1246744249.44
2024-11-24 00:00:00,1.452e-05,1.5012e-05,1.4471e-05,1.4562e-05,1219080549.3300004
2024-11-24 04:00:00,1.4555e-05,1.4611e-05,1.3415e-05,1.4423e-05,3799815799.0
2024-11-24 08:00:00,1.4424e-05,1.4486e-05,1.35e-05,1.4075e-05,1885871842.82
2024-11-24 12:00:00,1.4064e-05,1.4143e-05,1.3271e-05,1.3271e-05,2027827196.8500004
2024-11-24 16:00:00,1.3274e-05,1.3784e-05,1.3107e-05,1.3569e-05,1864411997.2000003
2024-11-24 20:00:00,1.357e-05,1.4275e-05,1.3495e-05,1.4088e-05,1237332490.42
2024-11-25 00:00:00,1.4087e-05,1.4238e-05,1.3548e-05,1.4181e-05,1095978770.9000003
2024-11-25 04:00:00,1.4184e-05,1.6461e-05,1.4179e-05,1.6116e-05,4072732577.150001
2024-11-25 08:00:00,1.6116e-05,1.65e-05,1.4801e-05,1.4934e-05,2477102795.1600003
2024-11-25 12:00:00,1.493e-05,1.5316e-05,1.3719e-05,1.4647e-05,2607776460.040001
2024-11-25 16:00:00,1.4684e-05,1.4736e-05,1.4e-05,1.4404e-05,2428776828.690001
2024-11-25 20:00:00,1.441e-05,1.4447e-05,1.3749e-05,1.402e-05,1157223387.72
2024-11-26 00:00:00,1.4024e-05,1.4576e-05,1.4016e-05,1.4122e-05,922848863.15
2024-11-26 04:00:00,1.4117e-05,1.425e-05,1.3814e-05,1.3852e-05,972786740.8100002
2024-11-26 08:00:00,1.3871e-05,1.4066e-05,1.2651e-05,1.3081e-05,2393014023.880001
2024-11-26 12:00:00,1.3081e-05,1.359e-05,1.2847e-05,1.3435e-05,1199501221.76
2024-11-26 16:00:00,1.3433e-05,1.378e-05,1.3125e-05,1.331e-05,1769889983.800001
2024-11-26 20:00:00,1.3313e-05,1.365e-05,1.323e-05,1.3568e-05,2072643070.6400008
2024-11-27 00:00:00,1.3566e-05,1.3693e-05,1.337e-05,1.3409e-05,1471150886.0100005
2024-11-27 04:00:00,1.3407e-05,1.3503e-05,1.311e-05,1.3377e-05,1136976816.39
2024-11-27 08:00:00,1.3382e-05,1.3641e-05,1.2949e-05,1.3499e-05,2088806151.6800003
2024-11-27 12:00:00,1.3532e-05,1.4025e-05,1.3259e-05,1.3822e-05,5438019548.510001
2024-11-27 16:00:00,1.382e-05,1.4886e-05,1.3477e-05,1.4047e-05,7700049275.960003
2024-11-27 20:00:00,1.407e-05,1.4126e-05,1.3746e-05,1.4028e-05,1620031265.2800002
2024-11-28 00:00:00,1.4029e-05,1.42e-05,1.3593e-05,1.3718e-05,941498030.61
2024-11-28 04:00:00,1.372e-05,1.3826e-05,1.35e-05,1.3504e-05,1055159538.97
2024-11-28 08:00:00,1.3503e-05,1.3554e-05,1.3e-05,1.3261e-05,2319345994.31
2024-11-28 12:00:00,1.3252e-05,1.4099e-05,1.2687e-05,1.3142e-05,2867086843.9400005
2024-11-28 16:00:00,1.3145e-05,1.3351e-05,1.3079e-05,1.3207e-05,909063033.7
2024-11-28 20:00:00,1.3211e-05,1.449e-05,1.2904e-05,1.3977e-05,1975051707.9400003
2024-11-29 00:00:00,1.3957e-05,1.5502e-05,1.3823e-05,1.4452e-05,2332894499.890001
2024-11-29 04:00:00,1.4456e-05,1.5155e-05,1.4246e-05,1.4766e-05,1330094109.0300002
2024-11-29 08:00:00,1.4771e-05,1.4955e-05,1.4063e-05,1.4457e-05,1403814886.3300002
2024-11-29 12:00:00,1.4453e-05,1.4744e-05,1.433e-05,1.452e-05,1847929032.68
2024-11-29 16:00:00,1.4502e-05,1.4669e-05,1.4251e-05,1.4364e-05,1215320057.17
2024-11-29 20:00:00,1.4368e-05,1.4522e-05,1.3923e-05,1.4188e-05,1347737818.2000003
2024-11-30 00:00:00,1.4153e-05,1.4183e-05,1.3848e-05,1.4014e-05,906336075.89
2024-11-30 04:00:00,1.4016e-05,1.4374e-05,1.3707e-05,1.414e-05,939676437.2800002
2024-11-30 08:00:00,1.4143e-05,1.4284e-05,1.3745e-05,1.3916e-05,943585309.5200002
2024-11-30 12:00:00,1.3919e-05,1.4037e-05,1.379e-05,1.3983e-05,432806421.49
